year,grade,month,exam_type,subject,course_code,file_type,status,reason,db_status,official_url,source_evidence
2025,3,5,school_mock,korean,speech-and-writing,question,manual_review,verified_pending_import,not_imported,https://wdown.ebsi.co.kr/W61001/01exam/20250430/go3/korA_mun_II5D2218_1.pdf,https://www.ebsi.co.kr/ebs/ent/enta/retrieveExmSchedRng.ebs
2025,3,5,school_mock,korean,language-and-media,question,manual_review,verified_pending_import,not_imported,https://wdown.ebsi.co.kr/W61001/01exam/20250430/go3/korB_mun_A9NKF76H_1.pdf,https://www.ebsi.co.kr/ebs/ent/enta/retrieveExmSchedRng.ebs
2025,3,5,school_mock,korean,,solution,manual_review,verified_pending_import,not_imported,https://wdown.ebsi.co.kr/W61001/01exam/20250430/go3/kor_main_hsj_4R8V482P.pdf,https://www.ebsi.co.kr/ebs/ent/enta/retrieveExmSchedRng.ebs
2025,3,5,school_mock,math,probability-and-statistics,question,manual_review,verified_pending_import,not_imported,https://wdown.ebsi.co.kr/W61001/01exam/20250430/go3/mathA_mun_56C5OA73_1.pdf,https://www.ebsi.co.kr/ebs/ent/enta/retrieveExmSchedRng.ebs
2025,3,5,school_mock,math,calculus,question,manual_review,verified_pending_import,not_imported,https://wdown.ebsi.co.kr/W61001/01exam/20250430/go3/mathB_mun_GA28GGRA_1.pdf,https://www.ebsi.co.kr/ebs/ent/enta/retrieveExmSchedRng.ebs
2025,3,5,school_mock,math,geometry,question,manual_review,verified_pending_import,not_imported,https://wdown.ebsi.co.kr/W61001/01exam/20250430/go3/mathC_mun_ZZ27C83W_1.pdf,https://www.ebsi.co.kr/ebs/ent/enta/retrieveExmSchedRng.ebs
2025,3,5,school_mock,math,,solution,manual_review,verified_pending_import,not_imported,https://wdown.ebsi.co.kr/W61001/01exam/20250430/go3/math_main_hsj_MDQC6SUB_1.pdf,https://www.ebsi.co.kr/ebs/ent/enta/retrieveExmSchedRng.ebs
2025,3,5,school_mock,english,,question,manual_review,verified_pending_import,not_imported,https://wdown.ebsi.co.kr/W61001/01exam/20250430/go3/eng_mun_QF7SR4UI_1.pdf,https://www.ebsi.co.kr/ebs/ent/enta/retrieveExmSchedRng.ebs
2025,3,5,school_mock,english,,solution,manual_review,verified_pending_import,not_imported,https://wdown.ebsi.co.kr/W61001/01exam/20250430/go3/eng_main_hsj_9F17V8QR.pdf,https://www.ebsi.co.kr/ebs/ent/enta/retrieveExmSchedRng.ebs
2025,3,5,school_mock,history,,question,manual_review,verified_pending_import,not_imported,https://wdown.ebsi.co.kr/W61001/01exam/20250430/go3/his_main_mun_47X6ME1Q_1.pdf,https://www.ebsi.co.kr/ebs/ent/enta/retrieveExmSchedRng.ebs
2025,3,5,school_mock,history,,solution,manual_review,verified_pending_import,not_imported,https://wdown.ebsi.co.kr/W61001/01exam/20250430/go3/his_main_hsj_9NDOHJIB.pdf,https://www.ebsi.co.kr/ebs/ent/enta/retrieveExmSchedRng.ebs
2025,3,5,school_mock,social,life-and-ethics,question,manual_review,verified_pending_import,not_imported,https://wdown.ebsi.co.kr/W61001/01exam/20250430/go3/s_ssnyr_mun_7P3Q39S7.pdf,https://www.ebsi.co.kr/ebs/ent/enta/retrieveExmSchedRng.ebs
2025,3,5,school_mock,social,life-and-ethics,solution,manual_review,verified_pending_import,not_imported,https://wdown.ebsi.co.kr/W61001/01exam/20250430/go3/s_ssnyr_hsj_72WW1U95.pdf,https://www.ebsi.co.kr/ebs/ent/enta/retrieveExmSchedRng.ebs
2025,3,5,school_mock,social,ethics-and-thought,question,missing,official_url_not_found,,,https://www.ebsi.co.kr/ebs/ent/enta/retrieveExmSchedRng.ebs
2025,3,5,school_mock,social,ethics-and-thought,solution,manual_review,verified_pending_import,not_imported,https://wdown.ebsi.co.kr/W61001/01exam/20250430/go3/s_yrnss_hsj_J5987L53.pdf,https://www.ebsi.co.kr/ebs/ent/enta/retrieveExmSchedRng.ebs
2025,3,5,school_mock,social,korean-geography,question,missing,official_url_not_found,,,https://www.ebsi.co.kr/ebs/ent/enta/retrieveExmSchedRng.ebs
2025,3,5,school_mock,social,korean-geography,solution,manual_review,verified_pending_import,not_imported,https://wdown.ebsi.co.kr/W61001/01exam/20250430/go3/s_hanji_hsj_72KVY4LT.pdf,https://www.ebsi.co.kr/ebs/ent/enta/retrieveExmSchedRng.ebs
2025,3,5,school_mock,social,world-geography,question,manual_review,verified_pending_import,not_imported,https://wdown.ebsi.co.kr/W61001/01exam/20250430/go3/s_saeji_mun_7K844F89.pdf,https://www.ebsi.co.kr/ebs/ent/enta/retrieveExmSchedRng.ebs
2025,3,5,school_mock,social,world-geography,solution,manual_review,verified_pending_import,not_imported,https://wdown.ebsi.co.kr/W61001/01exam/20250430/go3/s_saeji_hsj_K16BA783.pdf,https://www.ebsi.co.kr/ebs/ent/enta/retrieveExmSchedRng.ebs
2025,3,5,school_mock,social,east-asian-history,question,manual_review,verified_pending_import,not_imported,https://wdown.ebsi.co.kr/W61001/01exam/20250430/go3/s_easta_mun_H8U6Z633.pdf,https://www.ebsi.co.kr/ebs/ent/enta/retrieveExmSchedRng.ebs
2025,3,5,school_mock,social,east-asian-history,solution,missing,official_url_not_found,,,https://www.ebsi.co.kr/ebs/ent/enta/retrieveExmSchedRng.ebs
2025,3,5,school_mock,social,world-history,question,manual_review,verified_pending_import,not_imported,https://wdown.ebsi.co.kr/W61001/01exam/20250430/go3/s_sks_mun_LT45867W.pdf,https://www.ebsi.co.kr/ebs/ent/enta/retrieveExmSchedRng.ebs
2025,3,5,school_mock,social,world-history,solution,manual_review,verified_pending_import,not_imported,https://wdown.ebsi.co.kr/W61001/01exam/20250430/go3/s_sks_hsj_3UL7W438.pdf,https://www.ebsi.co.kr/ebs/ent/enta/retrieveExmSchedRng.ebs
2025,3,5,school_mock,social,economics,question,manual_review,verified_pending_import,not_imported,https://wdown.ebsi.co.kr/W61001/01exam/20250430/go3/s_eco_mun_HFU99E4H.pdf,https://www.ebsi.co.kr/ebs/ent/enta/retrieveExmSchedRng.ebs
2025,3,5,school_mock,social,economics,solution,missing,official_url_not_found,,,https://www.ebsi.co.kr/ebs/ent/enta/retrieveExmSchedRng.ebs
2025,3,5,school_mock,social,politics-and-law,question,manual_review,verified_pending_import,not_imported,https://wdown.ebsi.co.kr/W61001/01exam/20250430/go3/s_bnj_mun_T59BK2A1.pdf,https://www.ebsi.co.kr/ebs/ent/enta/retrieveExmSchedRng.ebs
2025,3,5,school_mock,social,politics-and-law,solution,manual_review,verified_pending_import,not_imported,https://wdown.ebsi.co.kr/W61001/01exam/20250430/go3/s_bnj_hsj_W4T6HS2S.pdf,https://www.ebsi.co.kr/ebs/ent/enta/retrieveExmSchedRng.ebs
2025,3,5,school_mock,social,social-culture,question,missing,official_url_not_found,,,https://www.ebsi.co.kr/ebs/ent/enta/retrieveExmSchedRng.ebs
2025,3,5,school_mock,social,social-culture,solution,missing,official_url_not_found,,,https://www.ebsi.co.kr/ebs/ent/enta/retrieveExmSchedRng.ebs
2025,3,5,school_mock,science,physics-1,question,manual_review,verified_pending_import,not_imported,https://wdown.ebsi.co.kr/W61001/01exam/20250430/go3/g_phy1_mun_V31KRCC9.pdf,https://www.ebsi.co.kr/ebs/ent/enta/retrieveExmSchedRng.ebs
2025,3,5,school_mock,science,physics-1,solution,manual_review,verified_pending_import,not_imported,https://wdown.ebsi.co.kr/W61001/01exam/20250430/go3/g_phy1_hsj_3A52AD68.pdf,https://www.ebsi.co.kr/ebs/ent/enta/retrieveExmSchedRng.ebs
2025,3,5,school_mock,science,chemistry-1,question,manual_review,verified_pending_import,not_imported,https://wdown.ebsi.co.kr/W61001/01exam/20250430/go3/g_che1_mun_HP28TZI1.pdf,https://www.ebsi.co.kr/ebs/ent/enta/retrieveExmSchedRng.ebs
2025,3,5,school_mock,science,chemistry-1,solution,manual_review,verified_pending_import,not_imported,https://wdown.ebsi.co.kr/W61001/01exam/20250430/go3/g_che1_hsj_M53MW834.pdf,https://www.ebsi.co.kr/ebs/ent/enta/retrieveExmSchedRng.ebs
2025,3,5,school_mock,science,life-science-1,question,missing,official_url_not_found,,,https://www.ebsi.co.kr/ebs/ent/enta/retrieveExmSchedRng.ebs
2025,3,5,school_mock,science,life-science-1,solution,manual_review,verified_pending_import,not_imported,https://wdown.ebsi.co.kr/W61001/01exam/20250430/go3/g_bio1_hsj_8Y841P3J.pdf,https://www.ebsi.co.kr/ebs/ent/enta/retrieveExmSchedRng.ebs
2025,3,5,school_mock,science,earth-science-1,question,manual_review,verified_pending_import,not_imported,https://wdown.ebsi.co.kr/W61001/01exam/20250430/go3/g_ear1_mun_5T642G3X.pdf,https://www.ebsi.co.kr/ebs/ent/enta/retrieveExmSchedRng.ebs
2025,3,5,school_mock,science,earth-science-1,solution,manual_review,verified_pending_import,not_imported,https://wdown.ebsi.co.kr/W61001/01exam/20250430/go3/g_ear1_hsj_6N12OXNG.pdf,https://www.ebsi.co.kr/ebs/ent/enta/retrieveExmSchedRng.ebs
2025,3,5,school_mock,science,physics-2,question,manual_review,verified_pending_import,not_imported,https://wdown.ebsi.co.kr/W61001/01exam/20250430/go3/g_phy2_mun_V9MHVHZF.pdf,https://www.ebsi.co.kr/ebs/ent/enta/retrieveExmSchedRng.ebs
2025,3,5,school_mock,science,physics-2,solution,manual_review,verified_pending_import,not_imported,https://wdown.ebsi.co.kr/W61001/01exam/20250430/go3/g_phy2_hsj_9C51FA2L.pdf,https://www.ebsi.co.kr/ebs/ent/enta/retrieveExmSchedRng.ebs
2025,3,5,school_mock,science,chemistry-2,question,manual_review,verified_pending_import,not_imported,https://wdown.ebsi.co.kr/W61001/01exam/20250430/go3/g_che2_mun_6674I668.pdf,https://www.ebsi.co.kr/ebs/ent/enta/retrieveExmSchedRng.ebs
2025,3,5,school_mock,science,chemistry-2,solution,manual_review,verified_pending_import,not_imported,https://wdown.ebsi.co.kr/W61001/01exam/20250430/go3/g_che2_hsj_Y3217E8Q.pdf,https://www.ebsi.co.kr/ebs/ent/enta/retrieveExmSchedRng.ebs
2025,3,5,school_mock,science,life-science-2,question,missing,official_url_not_found,,,https://www.ebsi.co.kr/ebs/ent/enta/retrieveExmSchedRng.ebs
2025,3,5,school_mock,science,life-science-2,solution,manual_review,verified_pending_import,not_imported,https://wdown.ebsi.co.kr/W61001/01exam/20250430/go3/g_bio2_hsj_YHRQ5ZV2.pdf,https://www.ebsi.co.kr/ebs/ent/enta/retrieveExmSchedRng.ebs
2025,3,5,school_mock,science,earth-science-2,question,manual_review,verified_pending_import,not_imported,https://wdown.ebsi.co.kr/W61001/01exam/20250430/go3/g_ear2_mun_8ERUB7DA.pdf,https://www.ebsi.co.kr/ebs/ent/enta/retrieveExmSchedRng.ebs
2025,3,5,school_mock,science,earth-science-2,solution,manual_review,verified_pending_import,not_imported,https://wdown.ebsi.co.kr/W61001/01exam/20250430/go3/g_ear2_hsj_QPLYWDPN.pdf,https://www.ebsi.co.kr/ebs/ent/enta/retrieveExmSchedRng.ebs
