year,grade,month,exam_type,subject,course_code,file_type,status,reason,count_as_expected,expected_basis,db_status,public_file_id,official_url
2026,1,3,school_mock,korean,,question,manual_review,verified_pending_import,confirmed,official_catalog_and_pdf,not_imported,,https://wdown.ebsi.co.kr/W61001/01exam/20260324/go1/kor_mun_16FRAZ68.pdf
2026,1,3,school_mock,korean,,solution,manual_review,verified_pending_import,confirmed,official_catalog_and_pdf,not_imported,,https://wdown.ebsi.co.kr/W61001/01exam/20260324/go1/kor_hsj_2B5KNE7S.pdf
2026,1,3,school_mock,math,,question,manual_review,verified_pending_import,confirmed,official_catalog_and_pdf,not_imported,,https://wdown.ebsi.co.kr/W61001/01exam/20260324/go1/math_mun_OCK6KM91.pdf
2026,1,3,school_mock,math,,solution,manual_review,verified_pending_import,confirmed,official_catalog_and_pdf,not_imported,,https://wdown.ebsi.co.kr/W61001/01exam/20260324/go1/math_hsj_43S8DA11.pdf
2026,1,3,school_mock,english,,question,manual_review,verified_pending_import,confirmed,official_catalog_and_pdf,not_imported,,https://wdown.ebsi.co.kr/W61001/01exam/20260324/go1/eng_mun_7JJDC391.pdf
2026,1,3,school_mock,english,,solution,manual_review,verified_pending_import,confirmed,official_catalog_and_pdf,not_imported,,https://wdown.ebsi.co.kr/W61001/01exam/20260324/go1/eng_hsj_94R7TI4R.pdf
2026,1,3,school_mock,history,,question,manual_review,verified_pending_import,confirmed,official_catalog_and_pdf,not_imported,,https://wdown.ebsi.co.kr/W61001/01exam/20260324/go1/s_his_mun_8TQT58R5.pdf
2026,1,3,school_mock,history,,solution,manual_review,verified_pending_import,confirmed,official_catalog_and_pdf,not_imported,,https://wdown.ebsi.co.kr/W61001/01exam/20260324/go1/s_his_hsj_1687F897.pdf
2026,1,3,school_mock,social,integrated-social,question,manual_review,verified_pending_import,confirmed,official_catalog_and_pdf,not_imported,,https://wdown.ebsi.co.kr/W61001/01exam/20260324/go1/s_soc_mun_8ZD1713K.pdf
2026,1,3,school_mock,social,integrated-social,solution,manual_review,verified_pending_import,confirmed,official_catalog_and_pdf,not_imported,,https://wdown.ebsi.co.kr/W61001/01exam/20260324/go1/s_soc_hsj_6Q77KYI6.pdf
2026,1,3,school_mock,science,integrated-science,question,manual_review,verified_pending_import,confirmed,official_catalog_and_pdf,not_imported,,https://wdown.ebsi.co.kr/W61001/01exam/20260324/go1/g_sci_mun_26XWX6A6.pdf
2026,1,3,school_mock,science,integrated-science,solution,manual_review,verified_pending_import,confirmed,official_catalog_and_pdf,not_imported,,https://wdown.ebsi.co.kr/W61001/01exam/20260324/go1/g_sci_hsj_9D51C67A.pdf
2026,1,6,school_mock,korean,,question,manual_review,verified_pending_import,confirmed,official_catalog_and_pdf,not_imported,,https://wdown.ebsi.co.kr/W61001/01exam/20260604/go1/kor_mun_KU4TO2V1.pdf
2026,1,6,school_mock,korean,,solution,manual_review,verified_pending_import,confirmed,official_catalog_and_pdf,not_imported,,https://wdown.ebsi.co.kr/W61001/01exam/20260604/go1/kor_hsj_V3Q33Y86.pdf
2026,1,6,school_mock,math,,question,manual_review,verified_pending_import,confirmed,official_catalog_and_pdf,not_imported,,https://wdown.ebsi.co.kr/W61001/01exam/20260604/go1/math_mun_D7P5UME3.pdf
2026,1,6,school_mock,math,,solution,manual_review,verified_pending_import,confirmed,official_catalog_and_pdf,not_imported,,https://wdown.ebsi.co.kr/W61001/01exam/20260604/go1/math_hsj_AX588329.pdf
2026,1,6,school_mock,english,,question,manual_review,verified_pending_import,confirmed,official_catalog_and_pdf,not_imported,,https://wdown.ebsi.co.kr/W61001/01exam/20260604/go1/eng_1_mun_52V69X11.pdf
2026,1,6,school_mock,english,,solution,manual_review,verified_pending_import,confirmed,official_catalog_and_pdf,not_imported,,https://wdown.ebsi.co.kr/W61001/01exam/20260604/go1/eng_1_hsj_A2GFZA25.pdf
2026,1,6,school_mock,history,,question,manual_review,verified_pending_import,confirmed,official_catalog_and_pdf,not_imported,,https://wdown.ebsi.co.kr/W61001/01exam/20260604/go1/s_his_1_mun_QAI459AT.pdf
2026,1,6,school_mock,history,,solution,manual_review,verified_pending_import,confirmed,official_catalog_and_pdf,not_imported,,https://wdown.ebsi.co.kr/W61001/01exam/20260604/go1/s_his_1_hsj_8KTXZ4YZ.pdf
2026,1,6,school_mock,social,integrated-social,question,manual_review,verified_pending_import,confirmed,official_catalog_and_pdf,not_imported,,https://wdown.ebsi.co.kr/W61001/01exam/20260604/go1/s_soc_mun_N79QRDF7.pdf
2026,1,6,school_mock,social,integrated-social,solution,manual_review,verified_pending_import,confirmed,official_catalog_and_pdf,not_imported,,https://wdown.ebsi.co.kr/W61001/01exam/20260604/go1/s_soc_hsj_G617D68W.pdf
2026,1,6,school_mock,science,integrated-science,question,manual_review,verified_pending_import,confirmed,official_catalog_and_pdf,not_imported,,https://wdown.ebsi.co.kr/W61001/01exam/20260604/go1/g_sci_mun_GADF2497.pdf
2026,1,6,school_mock,science,integrated-science,solution,manual_review,verified_pending_import,confirmed,official_catalog_and_pdf,not_imported,,https://wdown.ebsi.co.kr/W61001/01exam/20260604/go1/g_sci_hsj_J218F86M.pdf
2026,1,9,school_mock,korean,,question,manual_review,verified_pending_import,confirmed,official_catalog_and_pdf,not_imported,,https://wdown.ebsi.co.kr/W61001/01exam/20260902/go1/kor_mun_R6T8BQ7T.pdf
2026,1,9,school_mock,korean,,solution,manual_review,verified_pending_import,confirmed,official_catalog_and_pdf,not_imported,,https://wdown.ebsi.co.kr/W61001/01exam/20260902/go1/kor_hsj_T9W3IK85.pdf
2026,1,9,school_mock,math,,question,manual_review,verified_pending_import,confirmed,official_catalog_and_pdf,not_imported,,https://wdown.ebsi.co.kr/W61001/01exam/20260902/go1/math_mun_7L76TL61.pdf
2026,1,9,school_mock,math,,solution,manual_review,verified_pending_import,confirmed,official_catalog_and_pdf,not_imported,,https://wdown.ebsi.co.kr/W61001/01exam/20260902/go1/math_hsj_F42K4C49.pdf
2026,1,9,school_mock,english,,question,manual_review,verified_pending_import,confirmed,official_catalog_and_pdf,not_imported,,https://wdown.ebsi.co.kr/W61001/01exam/20260902/go1/eng_1_mun_CCFO6C49.pdf
2026,1,9,school_mock,english,,solution,manual_review,verified_pending_import,confirmed,official_catalog_and_pdf,not_imported,,https://wdown.ebsi.co.kr/W61001/01exam/20260902/go1/eng_1_hsj_C4UI9OA7.pdf
2026,1,9,school_mock,history,,question,manual_review,verified_pending_import,confirmed,official_catalog_and_pdf,not_imported,,https://wdown.ebsi.co.kr/W61001/01exam/20260902/go1/s_his_1_mun_XLM6T3P6.pdf
2026,1,9,school_mock,history,,solution,manual_review,verified_pending_import,confirmed,official_catalog_and_pdf,not_imported,,https://wdown.ebsi.co.kr/W61001/01exam/20260902/go1/s_his_1_hsj_H8M7CPK2.pdf
2026,1,9,school_mock,social,integrated-social,question,manual_review,verified_pending_import,confirmed,official_catalog_and_pdf,not_imported,,https://wdown.ebsi.co.kr/W61001/01exam/20260902/go1/s_soc_mun_J84CI6N2.pdf
2026,1,9,school_mock,social,integrated-social,solution,manual_review,verified_pending_import,confirmed,official_catalog_and_pdf,not_imported,,https://wdown.ebsi.co.kr/W61001/01exam/20260902/go1/s_soc_hsj_46P6VE5C.pdf
2026,1,9,school_mock,science,integrated-science,question,manual_review,verified_pending_import,confirmed,official_catalog_and_pdf,not_imported,,https://wdown.ebsi.co.kr/W61001/01exam/20260902/go1/g_sci_mun_55C7ID5H.pdf
2026,1,9,school_mock,science,integrated-science,solution,manual_review,verified_pending_import,confirmed,official_catalog_and_pdf,not_imported,,https://wdown.ebsi.co.kr/W61001/01exam/20260902/go1/g_sci_hsj_HBD4IQVA.pdf
2026,2,3,school_mock,korean,,question,manual_review,verified_pending_import,confirmed,official_catalog_and_pdf,not_imported,,https://wdown.ebsi.co.kr/W61001/01exam/20260324/go2/kor_mun_Q97689G9.pdf
2026,2,3,school_mock,korean,,solution,manual_review,verified_pending_import,confirmed,official_catalog_and_pdf,not_imported,,https://wdown.ebsi.co.kr/W61001/01exam/20260324/go2/kor_hsj_G41V6CH9.pdf
2026,2,3,school_mock,math,,question,manual_review,verified_pending_import,confirmed,official_catalog_and_pdf,not_imported,,https://wdown.ebsi.co.kr/W61001/01exam/20260324/go2/math_mun_53A7J811_1.pdf
2026,2,3,school_mock,math,,solution,manual_review,verified_pending_import,confirmed,official_catalog_and_pdf,not_imported,,https://wdown.ebsi.co.kr/W61001/01exam/20260324/go2/math_hsj_Y2JA7LIE.pdf
2026,2,3,school_mock,english,,question,manual_review,verified_pending_import,confirmed,official_catalog_and_pdf,not_imported,,https://wdown.ebsi.co.kr/W61001/01exam/20260324/go2/eng_mun_AF83PJY7.pdf
2026,2,3,school_mock,english,,solution,manual_review,verified_pending_import,confirmed,official_catalog_and_pdf,not_imported,,https://wdown.ebsi.co.kr/W61001/01exam/20260324/go2/eng_hsj_8IAZP9Z5.pdf
2026,2,3,school_mock,history,,question,manual_review,verified_pending_import,confirmed,official_catalog_and_pdf,not_imported,,https://wdown.ebsi.co.kr/W61001/01exam/20260324/go2/s_his_mun_H4619YTA.pdf
2026,2,3,school_mock,history,,solution,manual_review,verified_pending_import,confirmed,official_catalog_and_pdf,not_imported,,https://wdown.ebsi.co.kr/W61001/01exam/20260324/go2/s_his_hsj_C4V4WNI9.pdf
2026,2,3,school_mock,social,integrated-social,question,manual_review,verified_pending_import,confirmed,official_catalog_and_pdf,not_imported,,https://wdown.ebsi.co.kr/W61001/01exam/20260324/go2/s_soc_mun_Z719C37S.pdf
2026,2,3,school_mock,social,integrated-social,solution,manual_review,verified_pending_import,confirmed,official_catalog_and_pdf,not_imported,,https://wdown.ebsi.co.kr/W61001/01exam/20260324/go2/s_soc_hsj_SQN2O2PT.pdf
2026,2,3,school_mock,science,integrated-science,question,manual_review,verified_pending_import,confirmed,official_catalog_and_pdf,not_imported,,https://wdown.ebsi.co.kr/W61001/01exam/20260324/go2/g_sci_mun_AE6M8H4V.pdf
2026,2,3,school_mock,science,integrated-science,solution,manual_review,verified_pending_import,confirmed,official_catalog_and_pdf,not_imported,,https://wdown.ebsi.co.kr/W61001/01exam/20260324/go2/g_sci_hsj_NAAMI88N.pdf
2026,2,6,school_mock,korean,,question,manual_review,verified_pending_import,confirmed,official_catalog_and_pdf,not_imported,,https://wdown.ebsi.co.kr/W61001/01exam/20260604/go2/kor_mun_KM362181.pdf
2026,2,6,school_mock,korean,,solution,manual_review,verified_pending_import,confirmed,official_catalog_and_pdf,not_imported,,https://wdown.ebsi.co.kr/W61001/01exam/20260604/go2/kor_hsj_6P18YL38.pdf
2026,2,6,school_mock,math,,question,manual_review,verified_pending_import,confirmed,official_catalog_and_pdf,not_imported,,https://wdown.ebsi.co.kr/W61001/01exam/20260604/go2/math_mun_3U2G34HF.pdf
2026,2,6,school_mock,math,,solution,manual_review,verified_pending_import,confirmed,official_catalog_and_pdf,not_imported,,https://wdown.ebsi.co.kr/W61001/01exam/20260604/go2/math_hsj_322HZ5AE.pdf
2026,2,6,school_mock,english,,question,manual_review,verified_pending_import,confirmed,official_catalog_and_pdf,not_imported,,https://wdown.ebsi.co.kr/W61001/01exam/20260604/go2/eng_1_mun_XR3H2NW8.pdf
2026,2,6,school_mock,english,,solution,manual_review,verified_pending_import,confirmed,official_catalog_and_pdf,not_imported,,https://wdown.ebsi.co.kr/W61001/01exam/20260604/go2/eng_1_hsj_4T4G1683.pdf
2026,2,6,school_mock,history,,question,manual_review,verified_pending_import,confirmed,official_catalog_and_pdf,not_imported,,https://wdown.ebsi.co.kr/W61001/01exam/20260604/go2/s_his_1_mun_LW45H47Q.pdf
2026,2,6,school_mock,history,,solution,manual_review,verified_pending_import,confirmed,official_catalog_and_pdf,not_imported,,https://wdown.ebsi.co.kr/W61001/01exam/20260604/go2/s_his_1_hsj_D6QXBJM9.pdf
2026,2,6,school_mock,social,integrated-social,question,manual_review,verified_pending_import,confirmed,official_catalog_and_pdf,not_imported,,https://wdown.ebsi.co.kr/W61001/01exam/20260604/go2/s_soc_mun_495QA87G.pdf
2026,2,6,school_mock,social,integrated-social,solution,manual_review,verified_pending_import,confirmed,official_catalog_and_pdf,not_imported,,https://wdown.ebsi.co.kr/W61001/01exam/20260604/go2/s_soc_hsj_857U3164.pdf
2026,2,6,school_mock,science,integrated-science,question,manual_review,verified_pending_import,confirmed,official_catalog_and_pdf,not_imported,,https://wdown.ebsi.co.kr/W61001/01exam/20260604/go2/g_sci_mun_TB11Z59F.pdf
2026,2,6,school_mock,science,integrated-science,solution,manual_review,verified_pending_import,confirmed,official_catalog_and_pdf,not_imported,,https://wdown.ebsi.co.kr/W61001/01exam/20260604/go2/g_sci_hsj_NK15V199.pdf
2026,2,9,school_mock,korean,,question,manual_review,verified_pending_import,confirmed,official_catalog_and_pdf,not_imported,,https://wdown.ebsi.co.kr/W61001/01exam/20260902/go2/kor_mun_PD1RK63O.pdf
2026,2,9,school_mock,korean,,solution,manual_review,verified_pending_import,confirmed,official_catalog_and_pdf,not_imported,,https://wdown.ebsi.co.kr/W61001/01exam/20260902/go2/kor_hsj_X1W7G8B3.pdf
2026,2,9,school_mock,math,,question,manual_review,verified_pending_import,confirmed,official_catalog_and_pdf,not_imported,,https://wdown.ebsi.co.kr/W61001/01exam/20260902/go2/math_mun_895U99J8.pdf
2026,2,9,school_mock,math,,solution,manual_review,verified_pending_import,confirmed,official_catalog_and_pdf,not_imported,,https://wdown.ebsi.co.kr/W61001/01exam/20260902/go2/math_hsj_GTK7Z5PQ.pdf
2026,2,9,school_mock,english,,question,manual_review,verified_pending_import,confirmed,official_catalog_and_pdf,not_imported,,https://wdown.ebsi.co.kr/W61001/01exam/20260902/go2/eng_1_mun_TC3GGF8A.pdf
2026,2,9,school_mock,english,,solution,manual_review,verified_pending_import,confirmed,official_catalog_and_pdf,not_imported,,https://wdown.ebsi.co.kr/W61001/01exam/20260902/go2/eng_1_hsj_NUP1A2O7.pdf
2026,2,9,school_mock,history,,question,manual_review,verified_pending_import,confirmed,official_catalog_and_pdf,not_imported,,https://wdown.ebsi.co.kr/W61001/01exam/20260902/go2/s_his_1_mun_ZT19OL69.pdf
2026,2,9,school_mock,history,,solution,manual_review,verified_pending_import,confirmed,official_catalog_and_pdf,not_imported,,https://wdown.ebsi.co.kr/W61001/01exam/20260902/go2/s_his_1_hsj_LO8B868U.pdf
2026,2,9,school_mock,social,integrated-social,question,manual_review,verified_pending_import,confirmed,official_catalog_and_pdf,not_imported,,https://wdown.ebsi.co.kr/W61001/01exam/20260902/go2/s_soc_mun_423AOW2E.pdf
2026,2,9,school_mock,social,integrated-social,solution,manual_review,verified_pending_import,confirmed,official_catalog_and_pdf,not_imported,,https://wdown.ebsi.co.kr/W61001/01exam/20260902/go2/s_soc_hsj_3J18A8MY.pdf
2026,2,9,school_mock,science,integrated-science,question,manual_review,verified_pending_import,confirmed,official_catalog_and_pdf,not_imported,,https://wdown.ebsi.co.kr/W61001/01exam/20260902/go2/g_sci_mun_HK2P2667.pdf
2026,2,9,school_mock,science,integrated-science,solution,manual_review,verified_pending_import,confirmed,official_catalog_and_pdf,not_imported,,https://wdown.ebsi.co.kr/W61001/01exam/20260902/go2/g_sci_hsj_8LKIGA9B.pdf
2026,3,3,school_mock,korean,language-and-media,question,manual_review,verified_pending_import,confirmed,official_catalog_and_pdf,not_imported,,https://wdown.ebsi.co.kr/W61001/01exam/20260324/go3/korB_mun_787VQ3TV.pdf
2026,3,3,school_mock,korean,language-and-media,solution,manual_review,verified_pending_import,confirmed,official_catalog_and_pdf,not_imported,,https://wdown.ebsi.co.kr/W61001/01exam/20260324/go3/korB_hsj_1143526W.pdf
2026,3,3,school_mock,korean,speech-and-writing,question,manual_review,verified_pending_import,confirmed,official_catalog_and_pdf,not_imported,,https://wdown.ebsi.co.kr/W61001/01exam/20260324/go3/korA_mun_95U73553.pdf
2026,3,3,school_mock,korean,speech-and-writing,solution,manual_review,verified_pending_import,confirmed,official_catalog_and_pdf,not_imported,,https://wdown.ebsi.co.kr/W61001/01exam/20260324/go3/korA_hsj_A8R846U4.pdf
2026,3,3,school_mock,math,calculus,question,manual_review,verified_pending_import,confirmed,official_catalog_and_pdf,not_imported,,https://wdown.ebsi.co.kr/W61001/01exam/20260324/go3/mathB_mun_IJ5HGWH2.pdf
2026,3,3,school_mock,math,calculus,solution,manual_review,verified_pending_import,confirmed,official_catalog_and_pdf,not_imported,,https://wdown.ebsi.co.kr/W61001/01exam/20260324/go3/mathB_hsj_PX6TA8NG_1.pdf
2026,3,3,school_mock,math,geometry,question,manual_review,verified_pending_import,confirmed,official_catalog_and_pdf,not_imported,,https://wdown.ebsi.co.kr/W61001/01exam/20260324/go3/mathC_mun_4K4158AZ.pdf
2026,3,3,school_mock,math,geometry,solution,manual_review,verified_pending_import,confirmed,official_catalog_and_pdf,not_imported,,https://wdown.ebsi.co.kr/W61001/01exam/20260324/go3/mathC_hsj_49T4J57J_1.pdf
2026,3,3,school_mock,math,probability-and-statistics,question,manual_review,verified_pending_import,confirmed,official_catalog_and_pdf,not_imported,,https://wdown.ebsi.co.kr/W61001/01exam/20260324/go3/mathA_mun_49G5TXI7.pdf
2026,3,3,school_mock,math,probability-and-statistics,solution,manual_review,verified_pending_import,confirmed,official_catalog_and_pdf,not_imported,,https://wdown.ebsi.co.kr/W61001/01exam/20260324/go3/mathA_hsj_KD6Q9KG6_1.pdf
2026,3,3,school_mock,english,,question,manual_review,verified_pending_import,confirmed,official_catalog_and_pdf,not_imported,,https://wdown.ebsi.co.kr/W61001/01exam/20260324/go3/eng_mun_9374KX91.pdf
2026,3,3,school_mock,english,,solution,manual_review,verified_pending_import,confirmed,official_catalog_and_pdf,not_imported,,https://wdown.ebsi.co.kr/W61001/01exam/20260324/go3/eng_hsj_29D21S43.pdf
2026,3,3,school_mock,history,,question,manual_review,verified_pending_import,confirmed,official_catalog_and_pdf,not_imported,,https://wdown.ebsi.co.kr/W61001/01exam/20260324/go3/s_his_mun_57CL2VU3.pdf
2026,3,3,school_mock,history,,solution,manual_review,verified_pending_import,confirmed,official_catalog_and_pdf,not_imported,,https://wdown.ebsi.co.kr/W61001/01exam/20260324/go3/s_his_hsj_YA8OR38A.pdf
2026,3,3,school_mock,social,east-asian-history,question,manual_review,verified_pending_import,confirmed,official_catalog_and_pdf,not_imported,,https://wdown.ebsi.co.kr/W61001/01exam/20260324/go3/s_easta_mun_UK5H3RRG.pdf
2026,3,3,school_mock,social,east-asian-history,solution,manual_review,verified_pending_import,confirmed,official_catalog_and_pdf,not_imported,,https://wdown.ebsi.co.kr/W61001/01exam/20260324/go3/s_easta_hsj_7A44A3M8.pdf
2026,3,3,school_mock,social,economics,question,manual_review,verified_pending_import,confirmed,official_catalog_and_pdf,not_imported,,https://wdown.ebsi.co.kr/W61001/01exam/20260324/go3/s_eco_mun_6AD9U363.pdf
2026,3,3,school_mock,social,economics,solution,manual_review,verified_pending_import,confirmed,official_catalog_and_pdf,not_imported,,https://wdown.ebsi.co.kr/W61001/01exam/20260324/go3/s_eco_hsj_6UR6W7L8.pdf
2026,3,3,school_mock,social,ethics-and-thought,question,manual_review,verified_pending_import,confirmed,official_catalog_and_pdf,not_imported,,https://wdown.ebsi.co.kr/W61001/01exam/20260324/go3/s_yrnss_mun_37D9RU86.pdf
2026,3,3,school_mock,social,ethics-and-thought,solution,manual_review,verified_pending_import,confirmed,official_catalog_and_pdf,not_imported,,https://wdown.ebsi.co.kr/W61001/01exam/20260324/go3/s_yrnss_hsj_7CS3421S.pdf
2026,3,3,school_mock,social,korean-geography,question,manual_review,verified_pending_import,confirmed,official_catalog_and_pdf,not_imported,,https://wdown.ebsi.co.kr/W61001/01exam/20260324/go3/s_hanji_mun_8W65K6X5.pdf
2026,3,3,school_mock,social,korean-geography,solution,manual_review,verified_pending_import,confirmed,official_catalog_and_pdf,not_imported,,https://wdown.ebsi.co.kr/W61001/01exam/20260324/go3/s_hanji_hsj_PV95L9Z1.pdf
2026,3,3,school_mock,social,life-and-ethics,question,manual_review,verified_pending_import,confirmed,official_catalog_and_pdf,not_imported,,https://wdown.ebsi.co.kr/W61001/01exam/20260324/go3/s_ssnyr_mun_F7LG75U8.pdf
2026,3,3,school_mock,social,life-and-ethics,solution,manual_review,verified_pending_import,confirmed,official_catalog_and_pdf,not_imported,,https://wdown.ebsi.co.kr/W61001/01exam/20260324/go3/s_ssnyr_hsj_322A67Y3.pdf
2026,3,3,school_mock,social,politics-and-law,question,manual_review,verified_pending_import,confirmed,official_catalog_and_pdf,not_imported,,https://wdown.ebsi.co.kr/W61001/01exam/20260324/go3/s_bnj_mun_193HDA56.pdf
2026,3,3,school_mock,social,politics-and-law,solution,manual_review,verified_pending_import,confirmed,official_catalog_and_pdf,not_imported,,https://wdown.ebsi.co.kr/W61001/01exam/20260324/go3/s_bnj_hsj_63K1RAW8.pdf
2026,3,3,school_mock,social,social-culture,question,manual_review,verified_pending_import,confirmed,official_catalog_and_pdf,not_imported,,https://wdown.ebsi.co.kr/W61001/01exam/20260324/go3/s_samun_mun_4426ATLB.pdf
2026,3,3,school_mock,social,social-culture,solution,manual_review,verified_pending_import,confirmed,official_catalog_and_pdf,not_imported,,https://wdown.ebsi.co.kr/W61001/01exam/20260324/go3/s_samun_hsj_7M5M7RI1.pdf
2026,3,3,school_mock,social,world-geography,question,manual_review,verified_pending_import,confirmed,official_catalog_and_pdf,not_imported,,https://wdown.ebsi.co.kr/W61001/01exam/20260324/go3/s_saeji_mun_Z2582364.pdf
2026,3,3,school_mock,social,world-geography,solution,manual_review,verified_pending_import,confirmed,official_catalog_and_pdf,not_imported,,https://wdown.ebsi.co.kr/W61001/01exam/20260324/go3/s_saeji_hsj_6S3I7V74.pdf
2026,3,3,school_mock,social,world-history,question,manual_review,verified_pending_import,confirmed,official_catalog_and_pdf,not_imported,,https://wdown.ebsi.co.kr/W61001/01exam/20260324/go3/s_sks_mun_1LGX9OE7.pdf
2026,3,3,school_mock,social,world-history,solution,manual_review,verified_pending_import,confirmed,official_catalog_and_pdf,not_imported,,https://wdown.ebsi.co.kr/W61001/01exam/20260324/go3/s_sks_hsj_M86A9L3O.pdf
2026,3,3,school_mock,science,chemistry-1,question,manual_review,verified_pending_import,confirmed,official_catalog_and_pdf,not_imported,,https://wdown.ebsi.co.kr/W61001/01exam/20260324/go3/g_che1_mun_1EXSG58S.pdf
2026,3,3,school_mock,science,chemistry-1,solution,manual_review,verified_pending_import,confirmed,official_catalog_and_pdf,not_imported,,https://wdown.ebsi.co.kr/W61001/01exam/20260324/go3/g_che1_hsj_995BL7DG.pdf
2026,3,3,school_mock,science,earth-science-1,question,manual_review,verified_pending_import,confirmed,official_catalog_and_pdf,not_imported,,https://wdown.ebsi.co.kr/W61001/01exam/20260324/go3/g_ear1_mun_MZ27E3CL.pdf
2026,3,3,school_mock,science,earth-science-1,solution,manual_review,verified_pending_import,confirmed,official_catalog_and_pdf,not_imported,,https://wdown.ebsi.co.kr/W61001/01exam/20260324/go3/g_ear1_hsj_ZAB2YAE3.pdf
2026,3,3,school_mock,science,life-science-1,question,manual_review,verified_pending_import,confirmed,official_catalog_and_pdf,not_imported,,https://wdown.ebsi.co.kr/W61001/01exam/20260324/go3/g_bio1_mun_QRO28A87.pdf
2026,3,3,school_mock,science,life-science-1,solution,manual_review,verified_pending_import,confirmed,official_catalog_and_pdf,not_imported,,https://wdown.ebsi.co.kr/W61001/01exam/20260324/go3/g_bio1_hsj_W4611VWS.pdf
2026,3,3,school_mock,science,physics-1,question,manual_review,verified_pending_import,confirmed,official_catalog_and_pdf,not_imported,,https://wdown.ebsi.co.kr/W61001/01exam/20260324/go3/g_phy1_mun_92M554S1.pdf
2026,3,3,school_mock,science,physics-1,solution,manual_review,verified_pending_import,confirmed,official_catalog_and_pdf,not_imported,,https://wdown.ebsi.co.kr/W61001/01exam/20260324/go3/g_phy1_hsj_P588542I.pdf
2026,3,5,school_mock,korean,language-and-media,question,manual_review,verified_pending_import,confirmed,official_catalog_and_pdf,not_imported,,https://wdown.ebsi.co.kr/W61001/01exam/20260507/go3/korB_mun_L475QB46.pdf
2026,3,5,school_mock,korean,language-and-media,solution,manual_review,verified_pending_import,confirmed,official_catalog_and_pdf,not_imported,,https://wdown.ebsi.co.kr/W61001/01exam/20260507/go3/korB_hsj_746K9I7M_2.pdf
2026,3,5,school_mock,korean,speech-and-writing,question,manual_review,verified_pending_import,confirmed,official_catalog_and_pdf,not_imported,,https://wdown.ebsi.co.kr/W61001/01exam/20260507/go3/korA_mun_839A4B53.pdf
2026,3,5,school_mock,korean,speech-and-writing,solution,manual_review,verified_pending_import,confirmed,official_catalog_and_pdf,not_imported,,https://wdown.ebsi.co.kr/W61001/01exam/20260507/go3/korA_hsj_4T33HF88_2.pdf
2026,3,5,school_mock,math,calculus,question,manual_review,verified_pending_import,confirmed,official_catalog_and_pdf,not_imported,,https://wdown.ebsi.co.kr/W61001/01exam/20260507/go3/mathB_mun_TTX9CR36.pdf
2026,3,5,school_mock,math,calculus,solution,manual_review,verified_pending_import,confirmed,official_catalog_and_pdf,not_imported,,https://wdown.ebsi.co.kr/W61001/01exam/20260507/go3/mathB_hsj_82R7D527.pdf
2026,3,5,school_mock,math,geometry,question,manual_review,verified_pending_import,confirmed,official_catalog_and_pdf,not_imported,,https://wdown.ebsi.co.kr/W61001/01exam/20260507/go3/mathC_mun_YVTNAEEC.pdf
2026,3,5,school_mock,math,geometry,solution,manual_review,verified_pending_import,confirmed,official_catalog_and_pdf,not_imported,,https://wdown.ebsi.co.kr/W61001/01exam/20260507/go3/mathC_hsj_33F1R7B7.pdf
2026,3,5,school_mock,math,probability-and-statistics,question,manual_review,verified_pending_import,confirmed,official_catalog_and_pdf,not_imported,,https://wdown.ebsi.co.kr/W61001/01exam/20260507/go3/mathA_mun_H8N716PC.pdf
2026,3,5,school_mock,math,probability-and-statistics,solution,manual_review,verified_pending_import,confirmed,official_catalog_and_pdf,not_imported,,https://wdown.ebsi.co.kr/W61001/01exam/20260507/go3/mathA_hsj_5Y8117RC.pdf
2026,3,5,school_mock,english,,question,manual_review,verified_pending_import,confirmed,official_catalog_and_pdf,not_imported,,https://wdown.ebsi.co.kr/W61001/01exam/20260507/go3/eng_mun_16N8SJ4S.pdf
2026,3,5,school_mock,english,,solution,manual_review,verified_pending_import,confirmed,official_catalog_and_pdf,not_imported,,https://wdown.ebsi.co.kr/W61001/01exam/20260507/go3/eng_hsj_O231D3FY.pdf
2026,3,5,school_mock,history,,question,manual_review,verified_pending_import,confirmed,official_catalog_and_pdf,not_imported,,https://wdown.ebsi.co.kr/W61001/01exam/20260507/go3/s_his_mun_73SPRGSA.pdf
2026,3,5,school_mock,history,,solution,manual_review,verified_pending_import,confirmed,official_catalog_and_pdf,not_imported,,https://wdown.ebsi.co.kr/W61001/01exam/20260507/go3/s_his_hsj_37A6955V.pdf
2026,3,5,school_mock,social,east-asian-history,question,manual_review,verified_pending_import,confirmed,official_catalog_and_pdf,not_imported,,https://wdown.ebsi.co.kr/W61001/01exam/20260507/go3/s_easta_mun_93LQ76LM.pdf
2026,3,5,school_mock,social,east-asian-history,solution,manual_review,verified_pending_import,confirmed,official_catalog_and_pdf,not_imported,,https://wdown.ebsi.co.kr/W61001/01exam/20260507/go3/s_easta_hsj_6EA2H1A4.pdf
2026,3,5,school_mock,social,economics,question,manual_review,verified_pending_import,confirmed,official_catalog_and_pdf,not_imported,,https://wdown.ebsi.co.kr/W61001/01exam/20260507/go3/s_eco_mun_2HC74X83.pdf
2026,3,5,school_mock,social,economics,solution,manual_review,verified_pending_import,confirmed,official_catalog_and_pdf,not_imported,,https://wdown.ebsi.co.kr/W61001/01exam/20260507/go3/s_eco_hsj_QS2919JV.pdf
2026,3,5,school_mock,social,ethics-and-thought,question,manual_review,verified_pending_import,confirmed,official_catalog_and_pdf,not_imported,,https://wdown.ebsi.co.kr/W61001/01exam/20260507/go3/s_yrnss_mun_2YJM4H95.pdf
2026,3,5,school_mock,social,ethics-and-thought,solution,manual_review,verified_pending_import,confirmed,official_catalog_and_pdf,not_imported,,https://wdown.ebsi.co.kr/W61001/01exam/20260507/go3/s_yrnss_hsj_2HO72ABF.pdf
2026,3,5,school_mock,social,korean-geography,question,manual_review,verified_pending_import,confirmed,official_catalog_and_pdf,not_imported,,https://wdown.ebsi.co.kr/W61001/01exam/20260507/go3/s_hanji_mun_RDLAU7HX.pdf
2026,3,5,school_mock,social,korean-geography,solution,manual_review,verified_pending_import,confirmed,official_catalog_and_pdf,not_imported,,https://wdown.ebsi.co.kr/W61001/01exam/20260507/go3/s_hanji_hsj_8VBPG3G8.pdf
2026,3,5,school_mock,social,life-and-ethics,question,manual_review,verified_pending_import,confirmed,official_catalog_and_pdf,not_imported,,https://wdown.ebsi.co.kr/W61001/01exam/20260507/go3/s_ssnyr_mun_45998D84.pdf
2026,3,5,school_mock,social,life-and-ethics,solution,manual_review,verified_pending_import,confirmed,official_catalog_and_pdf,not_imported,,https://wdown.ebsi.co.kr/W61001/01exam/20260507/go3/s_ssnyr_hsj_IR5JGQ81.pdf
2026,3,5,school_mock,social,politics-and-law,question,manual_review,verified_pending_import,confirmed,official_catalog_and_pdf,not_imported,,https://wdown.ebsi.co.kr/W61001/01exam/20260507/go3/s_bnj_mun_C21R1V97.pdf
2026,3,5,school_mock,social,politics-and-law,solution,manual_review,verified_pending_import,confirmed,official_catalog_and_pdf,not_imported,,https://wdown.ebsi.co.kr/W61001/01exam/20260507/go3/s_bnj_hsj_S867H9J8.pdf
2026,3,5,school_mock,social,social-culture,question,manual_review,verified_pending_import,confirmed,official_catalog_and_pdf,not_imported,,https://wdown.ebsi.co.kr/W61001/01exam/20260507/go3/s_samun_mun_JU6E749G.pdf
2026,3,5,school_mock,social,social-culture,solution,manual_review,verified_pending_import,confirmed,official_catalog_and_pdf,not_imported,,https://wdown.ebsi.co.kr/W61001/01exam/20260507/go3/s_samun_hsj_NI96VXA9.pdf
2026,3,5,school_mock,social,world-geography,question,manual_review,verified_pending_import,confirmed,official_catalog_and_pdf,not_imported,,https://wdown.ebsi.co.kr/W61001/01exam/20260507/go3/s_saeji_mun_28976T56.pdf
2026,3,5,school_mock,social,world-geography,solution,manual_review,verified_pending_import,confirmed,official_catalog_and_pdf,not_imported,,https://wdown.ebsi.co.kr/W61001/01exam/20260507/go3/s_saeji_hsj_9I56DV3Z.pdf
2026,3,5,school_mock,social,world-history,question,manual_review,verified_pending_import,confirmed,official_catalog_and_pdf,not_imported,,https://wdown.ebsi.co.kr/W61001/01exam/20260507/go3/s_sks_mun_7636P969.pdf
2026,3,5,school_mock,social,world-history,solution,manual_review,verified_pending_import,confirmed,official_catalog_and_pdf,not_imported,,https://wdown.ebsi.co.kr/W61001/01exam/20260507/go3/s_sks_hsj_RO3GH743.pdf
2026,3,5,school_mock,science,chemistry-1,question,manual_review,verified_pending_import,confirmed,official_catalog_and_pdf,not_imported,,https://wdown.ebsi.co.kr/W61001/01exam/20260507/go3/g_che1_mun_A43348W7.pdf
2026,3,5,school_mock,science,chemistry-1,solution,manual_review,verified_pending_import,confirmed,official_catalog_and_pdf,not_imported,,https://wdown.ebsi.co.kr/W61001/01exam/20260507/go3/g_che1_hsj_7T25B5C4.pdf
2026,3,5,school_mock,science,chemistry-2,question,manual_review,verified_pending_import,confirmed,official_catalog_and_pdf,not_imported,,https://wdown.ebsi.co.kr/W61001/01exam/20260507/go3/g_che2_mun_6T15D1X2.pdf
2026,3,5,school_mock,science,chemistry-2,solution,manual_review,verified_pending_import,confirmed,official_catalog_and_pdf,not_imported,,https://wdown.ebsi.co.kr/W61001/01exam/20260507/go3/g_che2_hsj_184D7O52.pdf
2026,3,5,school_mock,science,earth-science-1,question,manual_review,verified_pending_import,confirmed,official_catalog_and_pdf,not_imported,,https://wdown.ebsi.co.kr/W61001/01exam/20260507/go3/g_ear1_mun_HORAY472.pdf
2026,3,5,school_mock,science,earth-science-1,solution,manual_review,verified_pending_import,confirmed,official_catalog_and_pdf,not_imported,,https://wdown.ebsi.co.kr/W61001/01exam/20260507/go3/g_ear1_hsj_N8338I82.pdf
2026,3,5,school_mock,science,earth-science-2,question,manual_review,verified_pending_import,confirmed,official_catalog_and_pdf,not_imported,,https://wdown.ebsi.co.kr/W61001/01exam/20260507/go3/g_ear2_mun_WRX5684G.pdf
2026,3,5,school_mock,science,earth-science-2,solution,manual_review,verified_pending_import,confirmed,official_catalog_and_pdf,not_imported,,https://wdown.ebsi.co.kr/W61001/01exam/20260507/go3/g_ear2_hsj_3BH3QA86.pdf
2026,3,5,school_mock,science,life-science-1,question,manual_review,verified_pending_import,confirmed,official_catalog_and_pdf,not_imported,,https://wdown.ebsi.co.kr/W61001/01exam/20260507/go3/g_bio1_mun_3OF45U32.pdf
2026,3,5,school_mock,science,life-science-1,solution,manual_review,verified_pending_import,confirmed,official_catalog_and_pdf,not_imported,,https://wdown.ebsi.co.kr/W61001/01exam/20260507/go3/g_bio1_hsj_LV8A9Q47.pdf
2026,3,5,school_mock,science,life-science-2,question,manual_review,verified_pending_import,confirmed,official_catalog_and_pdf,not_imported,,https://wdown.ebsi.co.kr/W61001/01exam/20260507/go3/g_bio2_mun_6X1392A7.pdf
2026,3,5,school_mock,science,life-science-2,solution,manual_review,verified_pending_import,confirmed,official_catalog_and_pdf,not_imported,,https://wdown.ebsi.co.kr/W61001/01exam/20260507/go3/g_bio2_hsj_212WSOB8.pdf
2026,3,5,school_mock,science,physics-1,question,manual_review,verified_pending_import,confirmed,official_catalog_and_pdf,not_imported,,https://wdown.ebsi.co.kr/W61001/01exam/20260507/go3/g_phy1_mun_R4JUXN5Q.pdf
2026,3,5,school_mock,science,physics-1,solution,manual_review,verified_pending_import,confirmed,official_catalog_and_pdf,not_imported,,https://wdown.ebsi.co.kr/W61001/01exam/20260507/go3/g_phy1_hsj_83G758KG.pdf
2026,3,5,school_mock,science,physics-2,question,manual_review,verified_pending_import,confirmed,official_catalog_and_pdf,not_imported,,https://wdown.ebsi.co.kr/W61001/01exam/20260507/go3/g_phy2_mun_3H33P213.pdf
2026,3,5,school_mock,science,physics-2,solution,manual_review,verified_pending_import,confirmed,official_catalog_and_pdf,not_imported,,https://wdown.ebsi.co.kr/W61001/01exam/20260507/go3/g_phy2_hsj_Z372J5A3.pdf
2026,3,6,kice_mock,korean,language-and-media,question,manual_review,verified_pending_import,confirmed,official_catalog_and_pdf,not_imported,,https://wdown.ebsi.co.kr/W61001/01exam/20260604/go3/korB_1_mun_88NQ53WK.pdf
2026,3,6,kice_mock,korean,language-and-media,solution,manual_review,verified_pending_import,confirmed,official_catalog_and_pdf,not_imported,,https://wdown.ebsi.co.kr/W61001/01exam/20260604/go3/korB_1_hsj_MQ5MQBI3_1.pdf
2026,3,6,kice_mock,korean,speech-and-writing,question,manual_review,verified_pending_import,confirmed,official_catalog_and_pdf,not_imported,,https://wdown.ebsi.co.kr/W61001/01exam/20260604/go3/korA_1_mun_2TTU3K8V.pdf
2026,3,6,kice_mock,korean,speech-and-writing,solution,manual_review,verified_pending_import,confirmed,official_catalog_and_pdf,not_imported,,https://wdown.ebsi.co.kr/W61001/01exam/20260604/go3/korA_1_hsj_923XC4C1.pdf
2026,3,6,kice_mock,math,calculus,question,manual_review,verified_pending_import,confirmed,official_catalog_and_pdf,not_imported,,https://wdown.ebsi.co.kr/W61001/01exam/20260604/go3/mathB_1_mun_QX72AB63.pdf
2026,3,6,kice_mock,math,calculus,solution,manual_review,verified_pending_import,confirmed,official_catalog_and_pdf,not_imported,,https://wdown.ebsi.co.kr/W61001/01exam/20260604/go3/mathB_1_hsj_Z22215K8_1.pdf
2026,3,6,kice_mock,math,geometry,question,manual_review,verified_pending_import,confirmed,official_catalog_and_pdf,not_imported,,https://wdown.ebsi.co.kr/W61001/01exam/20260604/go3/mathC_1_mun_ZW297X34.pdf
2026,3,6,kice_mock,math,geometry,solution,manual_review,verified_pending_import,confirmed,official_catalog_and_pdf,not_imported,,https://wdown.ebsi.co.kr/W61001/01exam/20260604/go3/mathC_1_hsj_8QHU6DEB_1.pdf
2026,3,6,kice_mock,math,probability-and-statistics,question,manual_review,verified_pending_import,confirmed,official_catalog_and_pdf,not_imported,,https://wdown.ebsi.co.kr/W61001/01exam/20260604/go3/mathA_1_mun_A958ZU85.pdf
2026,3,6,kice_mock,math,probability-and-statistics,solution,manual_review,verified_pending_import,confirmed,official_catalog_and_pdf,not_imported,,https://wdown.ebsi.co.kr/W61001/01exam/20260604/go3/mathA_1_hsj_L9739311_1.pdf
2026,3,6,kice_mock,english,,question,manual_review,verified_pending_import,confirmed,official_catalog_and_pdf,not_imported,,https://wdown.ebsi.co.kr/W61001/01exam/20260604/go3/eng_1_mun_4J56KPU4.pdf
2026,3,6,kice_mock,english,,solution,manual_review,verified_pending_import,confirmed,official_catalog_and_pdf,not_imported,,https://wdown.ebsi.co.kr/W61001/01exam/20260604/go3/eng_1_hsj_7712E7U1_2.pdf
2026,3,6,kice_mock,history,,question,manual_review,verified_pending_import,confirmed,official_catalog_and_pdf,not_imported,,https://wdown.ebsi.co.kr/W61001/01exam/20260604/go3/s_his_1_mun_C8A9I22U.pdf
2026,3,6,kice_mock,history,,solution,manual_review,verified_pending_import,confirmed,official_catalog_and_pdf,not_imported,,https://wdown.ebsi.co.kr/W61001/01exam/20260604/go3/s_his_1_hsj_F2U2YG3R.pdf
2026,3,6,kice_mock,social,east-asian-history,question,manual_review,verified_pending_import,confirmed,official_catalog_and_pdf,not_imported,,https://wdown.ebsi.co.kr/W61001/01exam/20260604/go3/s_easta_mun_F8CK4255.pdf
2026,3,6,kice_mock,social,east-asian-history,solution,manual_review,verified_pending_import,confirmed,official_catalog_and_pdf,not_imported,,https://wdown.ebsi.co.kr/W61001/01exam/20260604/go3/s_easta_hsj_JJ3CO5UU.pdf
2026,3,6,kice_mock,social,economics,question,manual_review,verified_pending_import,confirmed,official_catalog_and_pdf,not_imported,,https://wdown.ebsi.co.kr/W61001/01exam/20260604/go3/s_eco_mun_REO5974E.pdf
2026,3,6,kice_mock,social,economics,solution,manual_review,verified_pending_import,confirmed,official_catalog_and_pdf,not_imported,,https://wdown.ebsi.co.kr/W61001/01exam/20260604/go3/s_eco_hsj_F82C7F5T.pdf
2026,3,6,kice_mock,social,ethics-and-thought,question,manual_review,verified_pending_import,confirmed,official_catalog_and_pdf,not_imported,,https://wdown.ebsi.co.kr/W61001/01exam/20260604/go3/s_yrnss_mun_3OS2O322.pdf
2026,3,6,kice_mock,social,ethics-and-thought,solution,manual_review,verified_pending_import,confirmed,official_catalog_and_pdf,not_imported,,https://wdown.ebsi.co.kr/W61001/01exam/20260604/go3/s_yrnss_hsj_GJK396Z6.pdf
2026,3,6,kice_mock,social,korean-geography,question,manual_review,verified_pending_import,confirmed,official_catalog_and_pdf,not_imported,,https://wdown.ebsi.co.kr/W61001/01exam/20260604/go3/s_hanji_mun_594ZB2R2.pdf
2026,3,6,kice_mock,social,korean-geography,solution,manual_review,verified_pending_import,confirmed,official_catalog_and_pdf,not_imported,,https://wdown.ebsi.co.kr/W61001/01exam/20260604/go3/s_hanji_hsj_B88WGQ2C.pdf
2026,3,6,kice_mock,social,life-and-ethics,question,manual_review,verified_pending_import,confirmed,official_catalog_and_pdf,not_imported,,https://wdown.ebsi.co.kr/W61001/01exam/20260604/go3/s_ssnyr_mun_4721N7UA.pdf
2026,3,6,kice_mock,social,life-and-ethics,solution,manual_review,verified_pending_import,confirmed,official_catalog_and_pdf,not_imported,,https://wdown.ebsi.co.kr/W61001/01exam/20260604/go3/s_ssnyr_hsj_49O48LP7.pdf
2026,3,6,kice_mock,social,politics-and-law,question,manual_review,verified_pending_import,confirmed,official_catalog_and_pdf,not_imported,,https://wdown.ebsi.co.kr/W61001/01exam/20260604/go3/s_bnj_mun_MM6OA97A.pdf
2026,3,6,kice_mock,social,politics-and-law,solution,manual_review,verified_pending_import,confirmed,official_catalog_and_pdf,not_imported,,https://wdown.ebsi.co.kr/W61001/01exam/20260604/go3/s_bnj_hsj_Z2378AF9.pdf
2026,3,6,kice_mock,social,social-culture,question,manual_review,verified_pending_import,confirmed,official_catalog_and_pdf,not_imported,,https://wdown.ebsi.co.kr/W61001/01exam/20260604/go3/s_samun_mun_86PD16QK.pdf
2026,3,6,kice_mock,social,social-culture,solution,manual_review,verified_pending_import,confirmed,official_catalog_and_pdf,not_imported,,https://wdown.ebsi.co.kr/W61001/01exam/20260604/go3/s_samun_hsj_4I2621HF.pdf
2026,3,6,kice_mock,social,world-geography,question,manual_review,verified_pending_import,confirmed,official_catalog_and_pdf,not_imported,,https://wdown.ebsi.co.kr/W61001/01exam/20260604/go3/s_saeji_mun_M8M48EYI.pdf
2026,3,6,kice_mock,social,world-geography,solution,manual_review,verified_pending_import,confirmed,official_catalog_and_pdf,not_imported,,https://wdown.ebsi.co.kr/W61001/01exam/20260604/go3/s_saeji_hsj_MOK1ID64.pdf
2026,3,6,kice_mock,social,world-history,question,manual_review,verified_pending_import,confirmed,official_catalog_and_pdf,not_imported,,https://wdown.ebsi.co.kr/W61001/01exam/20260604/go3/s_sks_mun_18JBG929.pdf
2026,3,6,kice_mock,social,world-history,solution,manual_review,verified_pending_import,confirmed,official_catalog_and_pdf,not_imported,,https://wdown.ebsi.co.kr/W61001/01exam/20260604/go3/s_sks_hsj_7QM8WKL9.pdf
2026,3,6,kice_mock,science,chemistry-1,question,manual_review,verified_pending_import,confirmed,official_catalog_and_pdf,not_imported,,https://wdown.ebsi.co.kr/W61001/01exam/20260604/go3/g_che1_mun_89R7547U.pdf
2026,3,6,kice_mock,science,chemistry-1,solution,manual_review,verified_pending_import,confirmed,official_catalog_and_pdf,not_imported,,https://wdown.ebsi.co.kr/W61001/01exam/20260604/go3/g_che1_hsj_66SLHQ5K.pdf
2026,3,6,kice_mock,science,chemistry-2,question,manual_review,verified_pending_import,confirmed,official_catalog_and_pdf,not_imported,,https://wdown.ebsi.co.kr/W61001/01exam/20260604/go3/g_che2_mun_M73S8IF2.pdf
2026,3,6,kice_mock,science,chemistry-2,solution,manual_review,verified_pending_import,confirmed,official_catalog_and_pdf,not_imported,,https://wdown.ebsi.co.kr/W61001/01exam/20260604/go3/g_che2_hsj_31V24VI5.pdf
2026,3,6,kice_mock,science,earth-science-1,question,manual_review,verified_pending_import,confirmed,official_catalog_and_pdf,not_imported,,https://wdown.ebsi.co.kr/W61001/01exam/20260604/go3/g_ear1_mun_5AQBNVDT.pdf
2026,3,6,kice_mock,science,earth-science-1,solution,manual_review,verified_pending_import,confirmed,official_catalog_and_pdf,not_imported,,https://wdown.ebsi.co.kr/W61001/01exam/20260604/go3/g_ear1_hsj_W8VT9U31.pdf
2026,3,6,kice_mock,science,earth-science-2,question,manual_review,verified_pending_import,confirmed,official_catalog_and_pdf,not_imported,,https://wdown.ebsi.co.kr/W61001/01exam/20260604/go3/g_ear2_mun_EO1A42I4.pdf
2026,3,6,kice_mock,science,earth-science-2,solution,manual_review,verified_pending_import,confirmed,official_catalog_and_pdf,not_imported,,https://wdown.ebsi.co.kr/W61001/01exam/20260604/go3/g_ear2_hsj_8ULS124B.pdf
2026,3,6,kice_mock,science,life-science-1,question,manual_review,verified_pending_import,confirmed,official_catalog_and_pdf,not_imported,,https://wdown.ebsi.co.kr/W61001/01exam/20260604/go3/g_bio1_mun_V8ESPV8Y.pdf
2026,3,6,kice_mock,science,life-science-1,solution,manual_review,verified_pending_import,confirmed,official_catalog_and_pdf,not_imported,,https://wdown.ebsi.co.kr/W61001/01exam/20260604/go3/g_bio1_hsj_3WL31BI1.pdf
2026,3,6,kice_mock,science,life-science-2,question,manual_review,verified_pending_import,confirmed,official_catalog_and_pdf,not_imported,,https://wdown.ebsi.co.kr/W61001/01exam/20260604/go3/g_bio2_mun_WKX8C4P2.pdf
2026,3,6,kice_mock,science,life-science-2,solution,manual_review,verified_pending_import,confirmed,official_catalog_and_pdf,not_imported,,https://wdown.ebsi.co.kr/W61001/01exam/20260604/go3/g_bio2_hsj_8N869IWW.pdf
2026,3,6,kice_mock,science,physics-1,question,manual_review,verified_pending_import,confirmed,official_catalog_and_pdf,not_imported,,https://wdown.ebsi.co.kr/W61001/01exam/20260604/go3/g_phy1_mun_AXACN43O.pdf
2026,3,6,kice_mock,science,physics-1,solution,manual_review,verified_pending_import,confirmed,official_catalog_and_pdf,not_imported,,https://wdown.ebsi.co.kr/W61001/01exam/20260604/go3/g_phy1_hsj_Z9P8F1HA_1.pdf
2026,3,6,kice_mock,science,physics-2,question,manual_review,verified_pending_import,confirmed,official_catalog_and_pdf,not_imported,,https://wdown.ebsi.co.kr/W61001/01exam/20260604/go3/g_phy2_mun_1DQA984U.pdf
2026,3,6,kice_mock,science,physics-2,solution,manual_review,verified_pending_import,confirmed,official_catalog_and_pdf,not_imported,,https://wdown.ebsi.co.kr/W61001/01exam/20260604/go3/g_phy2_hsj_EZ32M2TG_1.pdf
2026,3,6,kice_mock,vocational,agriculture-basics,question,manual_review,verified_pending_import,confirmed,official_catalog_and_pdf,not_imported,,https://wdown.ebsi.co.kr/W61001/01exam/20260604/go3/J_nupgi_mun_83Y3798U.pdf
2026,3,6,kice_mock,vocational,agriculture-basics,solution,manual_review,verified_pending_import,confirmed,official_catalog_and_pdf,not_imported,,https://wdown.ebsi.co.kr/W61001/01exam/20260604/go3/J_nupgi_hsj_H1L44H5H.pdf
2026,3,6,kice_mock,vocational,commercial-economics,question,manual_review,verified_pending_import,confirmed,official_catalog_and_pdf,not_imported,,https://wdown.ebsi.co.kr/W61001/01exam/20260604/go3/J_sangup_mun_3487FG3Q.pdf
2026,3,6,kice_mock,vocational,commercial-economics,solution,manual_review,verified_pending_import,confirmed,official_catalog_and_pdf,not_imported,,https://wdown.ebsi.co.kr/W61001/01exam/20260604/go3/J_sangup_hsj_FL136E8G.pdf
2026,3,6,kice_mock,vocational,fisheries-and-shipping,question,manual_review,verified_pending_import,confirmed,official_catalog_and_pdf,not_imported,,https://wdown.ebsi.co.kr/W61001/01exam/20260604/go3/J_susan_mun_M2GYLY7B.pdf
2026,3,6,kice_mock,vocational,fisheries-and-shipping,solution,manual_review,verified_pending_import,confirmed,official_catalog_and_pdf,not_imported,,https://wdown.ebsi.co.kr/W61001/01exam/20260604/go3/J_susan_hsj_R11Z38FO.pdf
2026,3,6,kice_mock,vocational,human-development,question,manual_review,verified_pending_import,confirmed,official_catalog_and_pdf,not_imported,,https://wdown.ebsi.co.kr/W61001/01exam/20260604/go3/J_inkan_mun_W4R97L95.pdf
2026,3,6,kice_mock,vocational,human-development,solution,manual_review,verified_pending_import,confirmed,official_catalog_and_pdf,not_imported,,https://wdown.ebsi.co.kr/W61001/01exam/20260604/go3/J_inkan_hsj_7IX5RCB8.pdf
2026,3,6,kice_mock,vocational,industry-general,question,manual_review,verified_pending_import,confirmed,official_catalog_and_pdf,not_imported,,https://wdown.ebsi.co.kr/W61001/01exam/20260604/go3/J_gup_mun_X3I3P7F5.pdf
2026,3,6,kice_mock,vocational,industry-general,solution,manual_review,verified_pending_import,confirmed,official_catalog_and_pdf,not_imported,,https://wdown.ebsi.co.kr/W61001/01exam/20260604/go3/J_gup_hsj_9CQSI395.pdf
2026,3,6,kice_mock,vocational,successful-career-life,question,manual_review,verified_pending_import,confirmed,official_catalog_and_pdf,not_imported,,https://wdown.ebsi.co.kr/W61001/01exam/20260604/go3/J_sjl_mun_AP8T5941.pdf
2026,3,6,kice_mock,vocational,successful-career-life,solution,manual_review,verified_pending_import,confirmed,official_catalog_and_pdf,not_imported,,https://wdown.ebsi.co.kr/W61001/01exam/20260604/go3/J_sjl_hsj_A482V59O_1.pdf
2026,3,6,kice_mock,second_language,arabic-1,question,manual_review,verified_pending_import,confirmed,official_catalog_and_pdf,not_imported,,https://wdown.ebsi.co.kr/W61001/01exam/20260604/go3/2nd_ar_mun_W1FFJS41.pdf
2026,3,6,kice_mock,second_language,arabic-1,solution,manual_review,verified_pending_import,confirmed,official_catalog_and_pdf,not_imported,,https://wdown.ebsi.co.kr/W61001/01exam/20260604/go3/2nd_ar_hsj_J221533P.pdf
2026,3,6,kice_mock,second_language,chinese-1,question,manual_review,verified_pending_import,confirmed,official_catalog_and_pdf,not_imported,,https://wdown.ebsi.co.kr/W61001/01exam/20260604/go3/2nd_ch_mun_665BDV1F.pdf
2026,3,6,kice_mock,second_language,chinese-1,solution,manual_review,verified_pending_import,confirmed,official_catalog_and_pdf,not_imported,,https://wdown.ebsi.co.kr/W61001/01exam/20260604/go3/2nd_ch_hsj_EBAGNCQN.pdf
2026,3,6,kice_mock,second_language,classical-chinese-1,question,manual_review,verified_pending_import,confirmed,official_catalog_and_pdf,not_imported,,https://wdown.ebsi.co.kr/W61001/01exam/20260604/go3/2nd_han_mun_L5Y8AXGL.pdf
2026,3,6,kice_mock,second_language,classical-chinese-1,solution,manual_review,verified_pending_import,confirmed,official_catalog_and_pdf,not_imported,,https://wdown.ebsi.co.kr/W61001/01exam/20260604/go3/2nd_han_hsj_RP6E1N3U.pdf
2026,3,6,kice_mock,second_language,french-1,question,manual_review,verified_pending_import,confirmed,official_catalog_and_pdf,not_imported,,https://wdown.ebsi.co.kr/W61001/01exam/20260604/go3/2nd_fr_mun_DSCHK9MB.pdf
2026,3,6,kice_mock,second_language,french-1,solution,manual_review,verified_pending_import,confirmed,official_catalog_and_pdf,not_imported,,https://wdown.ebsi.co.kr/W61001/01exam/20260604/go3/2nd_fr_hsj_L4XI9JEM.pdf
2026,3,6,kice_mock,second_language,german-1,question,manual_review,verified_pending_import,confirmed,official_catalog_and_pdf,not_imported,,https://wdown.ebsi.co.kr/W61001/01exam/20260604/go3/2nd_gr_mun_PA26Y3LV.pdf
2026,3,6,kice_mock,second_language,german-1,solution,manual_review,verified_pending_import,confirmed,official_catalog_and_pdf,not_imported,,https://wdown.ebsi.co.kr/W61001/01exam/20260604/go3/2nd_gr_hsj_IQ58S2YP.pdf
2026,3,6,kice_mock,second_language,japanese-1,question,manual_review,verified_pending_import,confirmed,official_catalog_and_pdf,not_imported,,https://wdown.ebsi.co.kr/W61001/01exam/20260604/go3/2nd_ja_mun_L61JISKZ.pdf
2026,3,6,kice_mock,second_language,japanese-1,solution,manual_review,verified_pending_import,confirmed,official_catalog_and_pdf,not_imported,,https://wdown.ebsi.co.kr/W61001/01exam/20260604/go3/2nd_ja_hsj_DLX9JC1C.pdf
2026,3,6,kice_mock,second_language,russian-1,question,manual_review,verified_pending_import,confirmed,official_catalog_and_pdf,not_imported,,https://wdown.ebsi.co.kr/W61001/01exam/20260604/go3/2nd_ru_mun_T44LM8VF.pdf
2026,3,6,kice_mock,second_language,russian-1,solution,manual_review,verified_pending_import,confirmed,official_catalog_and_pdf,not_imported,,https://wdown.ebsi.co.kr/W61001/01exam/20260604/go3/2nd_ru_hsj_K14743A3.pdf
2026,3,6,kice_mock,second_language,spanish-1,question,manual_review,verified_pending_import,confirmed,official_catalog_and_pdf,not_imported,,https://wdown.ebsi.co.kr/W61001/01exam/20260604/go3/2nd_sp_mun_OP55TR8K.pdf
2026,3,6,kice_mock,second_language,spanish-1,solution,manual_review,verified_pending_import,confirmed,official_catalog_and_pdf,not_imported,,https://wdown.ebsi.co.kr/W61001/01exam/20260604/go3/2nd_sp_hsj_G247B12F.pdf
2026,3,6,kice_mock,second_language,vietnamese-1,question,manual_review,verified_pending_import,confirmed,official_catalog_and_pdf,not_imported,,https://wdown.ebsi.co.kr/W61001/01exam/20260604/go3/2nd_vit_mun_19V99V9B.pdf
2026,3,6,kice_mock,second_language,vietnamese-1,solution,manual_review,verified_pending_import,confirmed,official_catalog_and_pdf,not_imported,,https://wdown.ebsi.co.kr/W61001/01exam/20260604/go3/2nd_vit_hsj_FECO633U.pdf
2026,3,7,school_mock,korean,language-and-media,question,manual_review,verified_pending_import,confirmed,official_catalog_and_pdf,not_imported,,https://wdown.ebsi.co.kr/W61001/01exam/20260708/go3/korB_mun_NA5G12DA.pdf
2026,3,7,school_mock,korean,language-and-media,solution,manual_review,verified_pending_import,confirmed,official_catalog_and_pdf,not_imported,,https://wdown.ebsi.co.kr/W61001/01exam/20260708/go3/korB_hsj_176HMBW2.pdf
2026,3,7,school_mock,korean,speech-and-writing,question,manual_review,verified_pending_import,confirmed,official_catalog_and_pdf,not_imported,,https://wdown.ebsi.co.kr/W61001/01exam/20260708/go3/korA_mun_6IBN939A.pdf
2026,3,7,school_mock,korean,speech-and-writing,solution,manual_review,verified_pending_import,confirmed,official_catalog_and_pdf,not_imported,,https://wdown.ebsi.co.kr/W61001/01exam/20260708/go3/korA_hsj_7A51XJD9.pdf
2026,3,7,school_mock,math,calculus,question,manual_review,verified_pending_import,confirmed,official_catalog_and_pdf,not_imported,,https://wdown.ebsi.co.kr/W61001/01exam/20260708/go3/mathB_mun_LO3593K1.pdf
2026,3,7,school_mock,math,calculus,solution,manual_review,verified_pending_import,confirmed,official_catalog_and_pdf,not_imported,,https://wdown.ebsi.co.kr/W61001/01exam/20260708/go3/mathB_hsj_F629HV71.pdf
2026,3,7,school_mock,math,geometry,question,manual_review,verified_pending_import,confirmed,official_catalog_and_pdf,not_imported,,https://wdown.ebsi.co.kr/W61001/01exam/20260708/go3/mathC_mun_6979BPQ4.pdf
2026,3,7,school_mock,math,geometry,solution,manual_review,verified_pending_import,confirmed,official_catalog_and_pdf,not_imported,,https://wdown.ebsi.co.kr/W61001/01exam/20260708/go3/mathC_hsj_2T792F7A.pdf
2026,3,7,school_mock,math,probability-and-statistics,question,manual_review,verified_pending_import,confirmed,official_catalog_and_pdf,not_imported,,https://wdown.ebsi.co.kr/W61001/01exam/20260708/go3/mathA_mun_KSJE48OH.pdf
2026,3,7,school_mock,math,probability-and-statistics,solution,manual_review,verified_pending_import,confirmed,official_catalog_and_pdf,not_imported,,https://wdown.ebsi.co.kr/W61001/01exam/20260708/go3/mathA_hsj_1253UTPU.pdf
2026,3,7,school_mock,english,,question,manual_review,verified_pending_import,confirmed,official_catalog_and_pdf,not_imported,,https://wdown.ebsi.co.kr/W61001/01exam/20260708/go3/eng_mun_K1WJ5947.pdf
2026,3,7,school_mock,english,,solution,manual_review,verified_pending_import,confirmed,official_catalog_and_pdf,not_imported,,https://wdown.ebsi.co.kr/W61001/01exam/20260708/go3/eng_hsj_1T4E89N4.pdf
2026,3,7,school_mock,history,,question,manual_review,verified_pending_import,confirmed,official_catalog_and_pdf,not_imported,,https://wdown.ebsi.co.kr/W61001/01exam/20260708/go3/s_his_mun_44P2R8Y7.pdf
2026,3,7,school_mock,history,,solution,manual_review,verified_pending_import,confirmed,official_catalog_and_pdf,not_imported,,https://wdown.ebsi.co.kr/W61001/01exam/20260708/go3/s_his_hsj_236K1WC7.pdf
2026,3,7,school_mock,social,east-asian-history,question,manual_review,verified_pending_import,confirmed,official_catalog_and_pdf,not_imported,,https://wdown.ebsi.co.kr/W61001/01exam/20260708/go3/s_easta_mun_TG1FU29A.pdf
2026,3,7,school_mock,social,east-asian-history,solution,manual_review,verified_pending_import,confirmed,official_catalog_and_pdf,not_imported,,https://wdown.ebsi.co.kr/W61001/01exam/20260708/go3/s_easta_hsj_691LKUPN.pdf
2026,3,7,school_mock,social,economics,question,manual_review,verified_pending_import,confirmed,official_catalog_and_pdf,not_imported,,https://wdown.ebsi.co.kr/W61001/01exam/20260708/go3/s_eco_mun_1G4A6QOC.pdf
2026,3,7,school_mock,social,economics,solution,manual_review,verified_pending_import,confirmed,official_catalog_and_pdf,not_imported,,https://wdown.ebsi.co.kr/W61001/01exam/20260708/go3/s_eco_hsj_7M8KEY7Y.pdf
2026,3,7,school_mock,social,ethics-and-thought,question,manual_review,verified_pending_import,confirmed,official_catalog_and_pdf,not_imported,,https://wdown.ebsi.co.kr/W61001/01exam/20260708/go3/s_yrnss_mun_2924N79A.pdf
2026,3,7,school_mock,social,ethics-and-thought,solution,manual_review,verified_pending_import,confirmed,official_catalog_and_pdf,not_imported,,https://wdown.ebsi.co.kr/W61001/01exam/20260708/go3/s_yrnss_hsj_2A42NB93.pdf
2026,3,7,school_mock,social,korean-geography,question,manual_review,verified_pending_import,confirmed,official_catalog_and_pdf,not_imported,,https://wdown.ebsi.co.kr/W61001/01exam/20260708/go3/s_hanji_mun_8Y9PGWMR.pdf
2026,3,7,school_mock,social,korean-geography,solution,manual_review,verified_pending_import,confirmed,official_catalog_and_pdf,not_imported,,https://wdown.ebsi.co.kr/W61001/01exam/20260708/go3/s_hanji_hsj_M1A8J32F.pdf
2026,3,7,school_mock,social,life-and-ethics,question,manual_review,verified_pending_import,confirmed,official_catalog_and_pdf,not_imported,,https://wdown.ebsi.co.kr/W61001/01exam/20260708/go3/s_ssnyr_mun_OHOBQ59R.pdf
2026,3,7,school_mock,social,life-and-ethics,solution,manual_review,verified_pending_import,confirmed,official_catalog_and_pdf,not_imported,,https://wdown.ebsi.co.kr/W61001/01exam/20260708/go3/s_ssnyr_hsj_2C95X3AU.pdf
2026,3,7,school_mock,social,politics-and-law,question,manual_review,verified_pending_import,confirmed,official_catalog_and_pdf,not_imported,,https://wdown.ebsi.co.kr/W61001/01exam/20260708/go3/s_bnj_mun_U6MI3C3U.pdf
2026,3,7,school_mock,social,politics-and-law,solution,manual_review,verified_pending_import,confirmed,official_catalog_and_pdf,not_imported,,https://wdown.ebsi.co.kr/W61001/01exam/20260708/go3/s_bnj_hsj_FGOM2IUQ.pdf
2026,3,7,school_mock,social,social-culture,question,manual_review,verified_pending_import,confirmed,official_catalog_and_pdf,not_imported,,https://wdown.ebsi.co.kr/W61001/01exam/20260708/go3/s_samun_mun_LCN48788.pdf
2026,3,7,school_mock,social,social-culture,solution,manual_review,verified_pending_import,confirmed,official_catalog_and_pdf,not_imported,,https://wdown.ebsi.co.kr/W61001/01exam/20260708/go3/s_samun_hsj_Q97GX9Q9.pdf
2026,3,7,school_mock,social,world-geography,question,manual_review,verified_pending_import,confirmed,official_catalog_and_pdf,not_imported,,https://wdown.ebsi.co.kr/W61001/01exam/20260708/go3/s_saeji_mun_NQ27YWDQ.pdf
2026,3,7,school_mock,social,world-geography,solution,manual_review,verified_pending_import,confirmed,official_catalog_and_pdf,not_imported,,https://wdown.ebsi.co.kr/W61001/01exam/20260708/go3/s_saeji_hsj_5PD146KV.pdf
2026,3,7,school_mock,social,world-history,question,manual_review,verified_pending_import,confirmed,official_catalog_and_pdf,not_imported,,https://wdown.ebsi.co.kr/W61001/01exam/20260708/go3/s_sks_mun_4N964RDW.pdf
2026,3,7,school_mock,social,world-history,solution,manual_review,verified_pending_import,confirmed,official_catalog_and_pdf,not_imported,,https://wdown.ebsi.co.kr/W61001/01exam/20260708/go3/s_sks_hsj_6M57859K.pdf
2026,3,7,school_mock,science,chemistry-1,question,manual_review,verified_pending_import,confirmed,official_catalog_and_pdf,not_imported,,https://wdown.ebsi.co.kr/W61001/01exam/20260708/go3/g_che1_mun_4X9JR65S.pdf
2026,3,7,school_mock,science,chemistry-1,solution,manual_review,verified_pending_import,confirmed,official_catalog_and_pdf,not_imported,,https://wdown.ebsi.co.kr/W61001/01exam/20260708/go3/g_che1_hsj_2IES2C77_1.pdf
2026,3,7,school_mock,science,chemistry-2,question,manual_review,verified_pending_import,confirmed,official_catalog_and_pdf,not_imported,,https://wdown.ebsi.co.kr/W61001/01exam/20260708/go3/g_che2_mun_LCFQY78Q.pdf
2026,3,7,school_mock,science,chemistry-2,solution,manual_review,verified_pending_import,confirmed,official_catalog_and_pdf,not_imported,,https://wdown.ebsi.co.kr/W61001/01exam/20260708/go3/g_che2_hsj_519U33AK.pdf
2026,3,7,school_mock,science,earth-science-1,question,manual_review,verified_pending_import,confirmed,official_catalog_and_pdf,not_imported,,https://wdown.ebsi.co.kr/W61001/01exam/20260708/go3/g_ear1_mun_F36Y75R6.pdf
2026,3,7,school_mock,science,earth-science-1,solution,manual_review,verified_pending_import,confirmed,official_catalog_and_pdf,not_imported,,https://wdown.ebsi.co.kr/W61001/01exam/20260708/go3/g_ear1_hsj_LOP8T5D1.pdf
2026,3,7,school_mock,science,earth-science-2,question,manual_review,verified_pending_import,confirmed,official_catalog_and_pdf,not_imported,,https://wdown.ebsi.co.kr/W61001/01exam/20260708/go3/g_ear2_mun_M387C2Y7.pdf
2026,3,7,school_mock,science,earth-science-2,solution,manual_review,verified_pending_import,confirmed,official_catalog_and_pdf,not_imported,,https://wdown.ebsi.co.kr/W61001/01exam/20260708/go3/g_ear2_hsj_VGO94TLA.pdf
2026,3,7,school_mock,science,life-science-1,question,manual_review,verified_pending_import,confirmed,official_catalog_and_pdf,not_imported,,https://wdown.ebsi.co.kr/W61001/01exam/20260708/go3/g_bio1_mun_U74ZAM38.pdf
2026,3,7,school_mock,science,life-science-1,solution,manual_review,verified_pending_import,confirmed,official_catalog_and_pdf,not_imported,,https://wdown.ebsi.co.kr/W61001/01exam/20260708/go3/g_bio1_hsj_M8K72PB2.pdf
2026,3,7,school_mock,science,life-science-2,question,manual_review,verified_pending_import,confirmed,official_catalog_and_pdf,not_imported,,https://wdown.ebsi.co.kr/W61001/01exam/20260708/go3/g_bio2_mun_G8RMMG46.pdf
2026,3,7,school_mock,science,life-science-2,solution,manual_review,verified_pending_import,confirmed,official_catalog_and_pdf,not_imported,,https://wdown.ebsi.co.kr/W61001/01exam/20260708/go3/g_bio2_hsj_C7XHMPY7.pdf
2026,3,7,school_mock,science,physics-1,question,manual_review,verified_pending_import,confirmed,official_catalog_and_pdf,not_imported,,https://wdown.ebsi.co.kr/W61001/01exam/20260708/go3/g_phy1_mun_HMJE8ZP9.pdf
2026,3,7,school_mock,science,physics-1,solution,manual_review,verified_pending_import,confirmed,official_catalog_and_pdf,not_imported,,https://wdown.ebsi.co.kr/W61001/01exam/20260708/go3/g_phy1_hsj_G9HU48F9.pdf
2026,3,7,school_mock,science,physics-2,question,manual_review,verified_pending_import,confirmed,official_catalog_and_pdf,not_imported,,https://wdown.ebsi.co.kr/W61001/01exam/20260708/go3/g_phy2_mun_1SKZAVF3.pdf
2026,3,7,school_mock,science,physics-2,solution,manual_review,verified_pending_import,confirmed,official_catalog_and_pdf,not_imported,,https://wdown.ebsi.co.kr/W61001/01exam/20260708/go3/g_phy2_hsj_P161883S.pdf
2026,3,9,kice_mock,korean,language-and-media,question,manual_review,verified_pending_import,confirmed,official_catalog_and_pdf,not_imported,,https://wdown.ebsi.co.kr/W61001/01exam/20260902/go3/korB_1_mun_39HMLD36.pdf
2026,3,9,kice_mock,korean,language-and-media,solution,manual_review,verified_pending_import,confirmed,official_catalog_and_pdf,not_imported,,https://wdown.ebsi.co.kr/W61001/01exam/20260902/go3/korB_1_hsj_1MW9ADQG.pdf
2026,3,9,kice_mock,korean,speech-and-writing,question,manual_review,verified_pending_import,confirmed,official_catalog_and_pdf,not_imported,,https://wdown.ebsi.co.kr/W61001/01exam/20260902/go3/korA_1_mun_BHW12OQT.pdf
2026,3,9,kice_mock,korean,speech-and-writing,solution,manual_review,verified_pending_import,confirmed,official_catalog_and_pdf,not_imported,,https://wdown.ebsi.co.kr/W61001/01exam/20260902/go3/korA_1_hsj_TST9XSH4.pdf
2026,3,9,kice_mock,math,calculus,question,manual_review,verified_pending_import,confirmed,official_catalog_and_pdf,not_imported,,https://wdown.ebsi.co.kr/W61001/01exam/20260902/go3/mathB_1_mun_ZM4M1F58.pdf
2026,3,9,kice_mock,math,calculus,solution,manual_review,verified_pending_import,confirmed,official_catalog_and_pdf,not_imported,,https://wdown.ebsi.co.kr/W61001/01exam/20260902/go3/mathB_1_hsj_78BK9PDN_1.pdf
2026,3,9,kice_mock,math,geometry,question,manual_review,verified_pending_import,confirmed,official_catalog_and_pdf,not_imported,,https://wdown.ebsi.co.kr/W61001/01exam/20260902/go3/mathC_1_mun_Q749PEB8.pdf
2026,3,9,kice_mock,math,geometry,solution,manual_review,verified_pending_import,confirmed,official_catalog_and_pdf,not_imported,,https://wdown.ebsi.co.kr/W61001/01exam/20260902/go3/mathC_1_hsj_246A2V2X_1.pdf
2026,3,9,kice_mock,math,probability-and-statistics,question,manual_review,verified_pending_import,confirmed,official_catalog_and_pdf,not_imported,,https://wdown.ebsi.co.kr/W61001/01exam/20260902/go3/mathA_1_mun_R9VI9L47.pdf
2026,3,9,kice_mock,math,probability-and-statistics,solution,manual_review,verified_pending_import,confirmed,official_catalog_and_pdf,not_imported,,https://wdown.ebsi.co.kr/W61001/01exam/20260902/go3/mathA_1_hsj_XE589JP2_1.pdf
2026,3,9,kice_mock,english,,question,manual_review,verified_pending_import,confirmed,official_catalog_and_pdf,not_imported,,https://wdown.ebsi.co.kr/W61001/01exam/20260902/go3/eng_1_mun_9788G389.pdf
2026,3,9,kice_mock,english,,solution,manual_review,verified_pending_import,confirmed,official_catalog_and_pdf,not_imported,,https://wdown.ebsi.co.kr/W61001/01exam/20260902/go3/eng_1_hsj_PGX9213G.pdf
2026,3,9,kice_mock,history,,question,manual_review,verified_pending_import,confirmed,official_catalog_and_pdf,not_imported,,https://wdown.ebsi.co.kr/W61001/01exam/20260902/go3/s_his_1_mun_67AW5BV8.pdf
2026,3,9,kice_mock,history,,solution,manual_review,verified_pending_import,confirmed,official_catalog_and_pdf,not_imported,,https://wdown.ebsi.co.kr/W61001/01exam/20260902/go3/s_his_1_hsj_O66I8796.pdf
2026,3,9,kice_mock,social,east-asian-history,question,manual_review,verified_pending_import,confirmed,official_catalog_and_pdf,not_imported,,https://wdown.ebsi.co.kr/W61001/01exam/20260902/go3/s_easta_mun_CC9D2382.pdf
2026,3,9,kice_mock,social,east-asian-history,solution,manual_review,verified_pending_import,confirmed,official_catalog_and_pdf,not_imported,,https://wdown.ebsi.co.kr/W61001/01exam/20260902/go3/s_easta_hsj_AV1DL4Y3.pdf
2026,3,9,kice_mock,social,economics,question,manual_review,verified_pending_import,confirmed,official_catalog_and_pdf,not_imported,,https://wdown.ebsi.co.kr/W61001/01exam/20260902/go3/s_eco_mun_9393MDE3.pdf
2026,3,9,kice_mock,social,economics,solution,manual_review,verified_pending_import,confirmed,official_catalog_and_pdf,not_imported,,https://wdown.ebsi.co.kr/W61001/01exam/20260902/go3/s_eco_hsj_F98S15B4.pdf
2026,3,9,kice_mock,social,ethics-and-thought,question,manual_review,verified_pending_import,confirmed,official_catalog_and_pdf,not_imported,,https://wdown.ebsi.co.kr/W61001/01exam/20260902/go3/s_yrnss_mun_W3XDY1NA.pdf
2026,3,9,kice_mock,social,ethics-and-thought,solution,manual_review,verified_pending_import,confirmed,official_catalog_and_pdf,not_imported,,https://wdown.ebsi.co.kr/W61001/01exam/20260902/go3/s_yrnss_hsj_ZN9JW8DM.pdf
2026,3,9,kice_mock,social,korean-geography,question,manual_review,verified_pending_import,confirmed,official_catalog_and_pdf,not_imported,,https://wdown.ebsi.co.kr/W61001/01exam/20260902/go3/s_hanji_mun_KT1IKDTI.pdf
2026,3,9,kice_mock,social,korean-geography,solution,manual_review,verified_pending_import,confirmed,official_catalog_and_pdf,not_imported,,https://wdown.ebsi.co.kr/W61001/01exam/20260902/go3/s_hanji_hsj_K3C6Z3X5.pdf
2026,3,9,kice_mock,social,life-and-ethics,question,manual_review,verified_pending_import,confirmed,official_catalog_and_pdf,not_imported,,https://wdown.ebsi.co.kr/W61001/01exam/20260902/go3/s_ssnyr_mun_YDO3XV17.pdf
2026,3,9,kice_mock,social,life-and-ethics,solution,manual_review,verified_pending_import,confirmed,official_catalog_and_pdf,not_imported,,https://wdown.ebsi.co.kr/W61001/01exam/20260902/go3/s_ssnyr_hsj_588O4JJK_2.pdf
2026,3,9,kice_mock,social,politics-and-law,question,manual_review,verified_pending_import,confirmed,official_catalog_and_pdf,not_imported,,https://wdown.ebsi.co.kr/W61001/01exam/20260902/go3/s_bnj_mun_GH22I4P6.pdf
2026,3,9,kice_mock,social,politics-and-law,solution,manual_review,verified_pending_import,confirmed,official_catalog_and_pdf,not_imported,,https://wdown.ebsi.co.kr/W61001/01exam/20260902/go3/s_bnj_hsj_615LYE19.pdf
2026,3,9,kice_mock,social,social-culture,question,manual_review,verified_pending_import,confirmed,official_catalog_and_pdf,not_imported,,https://wdown.ebsi.co.kr/W61001/01exam/20260902/go3/s_samun_mun_1W23Y3RX.pdf
2026,3,9,kice_mock,social,social-culture,solution,manual_review,verified_pending_import,confirmed,official_catalog_and_pdf,not_imported,,https://wdown.ebsi.co.kr/W61001/01exam/20260902/go3/s_samun_hsj_Z45RLKG9.pdf
2026,3,9,kice_mock,social,world-geography,question,manual_review,verified_pending_import,confirmed,official_catalog_and_pdf,not_imported,,https://wdown.ebsi.co.kr/W61001/01exam/20260902/go3/s_saeji_mun_1KWEW9OJ.pdf
2026,3,9,kice_mock,social,world-geography,solution,manual_review,verified_pending_import,confirmed,official_catalog_and_pdf,not_imported,,https://wdown.ebsi.co.kr/W61001/01exam/20260902/go3/s_saeji_hsj_N6N2QQZS.pdf
2026,3,9,kice_mock,social,world-history,question,manual_review,verified_pending_import,confirmed,official_catalog_and_pdf,not_imported,,https://wdown.ebsi.co.kr/W61001/01exam/20260902/go3/s_sks_mun_5153747G.pdf
2026,3,9,kice_mock,social,world-history,solution,manual_review,verified_pending_import,confirmed,official_catalog_and_pdf,not_imported,,https://wdown.ebsi.co.kr/W61001/01exam/20260902/go3/s_sks_hsj_356H928L.pdf
2026,3,9,kice_mock,science,chemistry-1,question,manual_review,verified_pending_import,confirmed,official_catalog_and_pdf,not_imported,,https://wdown.ebsi.co.kr/W61001/01exam/20260902/go3/g_che1_mun_YV857U2N.pdf
2026,3,9,kice_mock,science,chemistry-1,solution,manual_review,verified_pending_import,confirmed,official_catalog_and_pdf,not_imported,,https://wdown.ebsi.co.kr/W61001/01exam/20260902/go3/g_che1_hsj_4VX5I2S3.pdf
2026,3,9,kice_mock,science,chemistry-2,question,manual_review,verified_pending_import,confirmed,official_catalog_and_pdf,not_imported,,https://wdown.ebsi.co.kr/W61001/01exam/20260902/go3/g_che2_mun_ME84Q82E.pdf
2026,3,9,kice_mock,science,chemistry-2,solution,manual_review,verified_pending_import,confirmed,official_catalog_and_pdf,not_imported,,https://wdown.ebsi.co.kr/W61001/01exam/20260902/go3/g_che2_hsj_525VLZ41.pdf
2026,3,9,kice_mock,science,earth-science-1,question,manual_review,verified_pending_import,confirmed,official_catalog_and_pdf,not_imported,,https://wdown.ebsi.co.kr/W61001/01exam/20260902/go3/g_ear1_mun_WXEYX265.pdf
2026,3,9,kice_mock,science,earth-science-1,solution,manual_review,verified_pending_import,confirmed,official_catalog_and_pdf,not_imported,,https://wdown.ebsi.co.kr/W61001/01exam/20260902/go3/g_ear1_hsj_TVVW23PB_1.pdf
2026,3,9,kice_mock,science,earth-science-2,question,manual_review,verified_pending_import,confirmed,official_catalog_and_pdf,not_imported,,https://wdown.ebsi.co.kr/W61001/01exam/20260902/go3/g_ear2_mun_ID96BH9B.pdf
2026,3,9,kice_mock,science,earth-science-2,solution,manual_review,verified_pending_import,confirmed,official_catalog_and_pdf,not_imported,,https://wdown.ebsi.co.kr/W61001/01exam/20260902/go3/g_ear2_hsj_9D6P4Q24_4.pdf
2026,3,9,kice_mock,science,life-science-1,question,manual_review,verified_pending_import,confirmed,official_catalog_and_pdf,not_imported,,https://wdown.ebsi.co.kr/W61001/01exam/20260902/go3/g_bio1_mun_DE4O4J64.pdf
2026,3,9,kice_mock,science,life-science-1,solution,manual_review,verified_pending_import,confirmed,official_catalog_and_pdf,not_imported,,https://wdown.ebsi.co.kr/W61001/01exam/20260902/go3/g_bio1_hsj_K83D3XN1.pdf
2026,3,9,kice_mock,science,life-science-2,question,manual_review,verified_pending_import,confirmed,official_catalog_and_pdf,not_imported,,https://wdown.ebsi.co.kr/W61001/01exam/20260902/go3/g_bio2_mun_799439IP.pdf
2026,3,9,kice_mock,science,life-science-2,solution,manual_review,verified_pending_import,confirmed,official_catalog_and_pdf,not_imported,,https://wdown.ebsi.co.kr/W61001/01exam/20260902/go3/g_bio2_hsj_Z45548B2.pdf
2026,3,9,kice_mock,science,physics-1,question,manual_review,verified_pending_import,confirmed,official_catalog_and_pdf,not_imported,,https://wdown.ebsi.co.kr/W61001/01exam/20260902/go3/g_phy1_mun_78J2A9ST.pdf
2026,3,9,kice_mock,science,physics-1,solution,manual_review,verified_pending_import,confirmed,official_catalog_and_pdf,not_imported,,https://wdown.ebsi.co.kr/W61001/01exam/20260902/go3/g_phy1_hsj_1CCU2411.pdf
2026,3,9,kice_mock,science,physics-2,question,manual_review,verified_pending_import,confirmed,official_catalog_and_pdf,not_imported,,https://wdown.ebsi.co.kr/W61001/01exam/20260902/go3/g_phy2_mun_289PI9EE.pdf
2026,3,9,kice_mock,science,physics-2,solution,manual_review,verified_pending_import,confirmed,official_catalog_and_pdf,not_imported,,https://wdown.ebsi.co.kr/W61001/01exam/20260902/go3/g_phy2_hsj_O77922AM.pdf
2026,3,9,kice_mock,vocational,agriculture-basics,question,manual_review,verified_pending_import,confirmed,official_catalog_and_pdf,not_imported,,https://wdown.ebsi.co.kr/W61001/01exam/20260902/go3/J_nupgi_mun_A541P818.pdf
2026,3,9,kice_mock,vocational,agriculture-basics,solution,manual_review,verified_pending_import,confirmed,official_catalog_and_pdf,not_imported,,https://wdown.ebsi.co.kr/W61001/01exam/20260902/go3/J_nupgi_hsj_L9AZ42XT.pdf
2026,3,9,kice_mock,vocational,commercial-economics,question,manual_review,verified_pending_import,confirmed,official_catalog_and_pdf,not_imported,,https://wdown.ebsi.co.kr/W61001/01exam/20260902/go3/J_sangup_mun_62BMVF93.pdf
2026,3,9,kice_mock,vocational,commercial-economics,solution,manual_review,verified_pending_import,confirmed,official_catalog_and_pdf,not_imported,,https://wdown.ebsi.co.kr/W61001/01exam/20260902/go3/J_sangup_hsj_17G44GG6_1.pdf
2026,3,9,kice_mock,vocational,fisheries-and-shipping,question,manual_review,verified_pending_import,confirmed,official_catalog_and_pdf,not_imported,,https://wdown.ebsi.co.kr/W61001/01exam/20260902/go3/J_susan_mun_45J9237W.pdf
2026,3,9,kice_mock,vocational,fisheries-and-shipping,solution,manual_review,verified_pending_import,confirmed,official_catalog_and_pdf,not_imported,,https://wdown.ebsi.co.kr/W61001/01exam/20260902/go3/J_susan_hsj_4J1MP852.pdf
2026,3,9,kice_mock,vocational,human-development,question,manual_review,verified_pending_import,confirmed,official_catalog_and_pdf,not_imported,,https://wdown.ebsi.co.kr/W61001/01exam/20260902/go3/J_inkan_mun_4GC13R6H.pdf
2026,3,9,kice_mock,vocational,human-development,solution,manual_review,verified_pending_import,confirmed,official_catalog_and_pdf,not_imported,,https://wdown.ebsi.co.kr/W61001/01exam/20260902/go3/J_inkan_hsj_F1F6A545.pdf
2026,3,9,kice_mock,vocational,industry-general,question,manual_review,verified_pending_import,confirmed,official_catalog_and_pdf,not_imported,,https://wdown.ebsi.co.kr/W61001/01exam/20260902/go3/J_gup_mun_D6F95FQI.pdf
2026,3,9,kice_mock,vocational,industry-general,solution,manual_review,verified_pending_import,confirmed,official_catalog_and_pdf,not_imported,,https://wdown.ebsi.co.kr/W61001/01exam/20260902/go3/J_gup_hsj_CL1WZ5CL.pdf
2026,3,9,kice_mock,vocational,successful-career-life,question,manual_review,verified_pending_import,confirmed,official_catalog_and_pdf,not_imported,,https://wdown.ebsi.co.kr/W61001/01exam/20260902/go3/J_sjl_mun_Y98A4WPU.pdf
2026,3,9,kice_mock,vocational,successful-career-life,solution,manual_review,verified_pending_import,confirmed,official_catalog_and_pdf,not_imported,,https://wdown.ebsi.co.kr/W61001/01exam/20260902/go3/J_sjl_hsj_XJ726876.pdf
2026,3,9,kice_mock,second_language,arabic-1,question,manual_review,verified_pending_import,confirmed,official_catalog_and_pdf,not_imported,,https://wdown.ebsi.co.kr/W61001/01exam/20260902/go3/2nd_ar_mun_SOGIZKH2.pdf
2026,3,9,kice_mock,second_language,arabic-1,solution,manual_review,verified_pending_import,confirmed,official_catalog_and_pdf,not_imported,,https://wdown.ebsi.co.kr/W61001/01exam/20260902/go3/2nd_ar_hsj_7B4I2DG7.pdf
2026,3,9,kice_mock,second_language,chinese-1,question,manual_review,verified_pending_import,confirmed,official_catalog_and_pdf,not_imported,,https://wdown.ebsi.co.kr/W61001/01exam/20260902/go3/2nd_ch_mun_91A4569I.pdf
2026,3,9,kice_mock,second_language,chinese-1,solution,manual_review,verified_pending_import,confirmed,official_catalog_and_pdf,not_imported,,https://wdown.ebsi.co.kr/W61001/01exam/20260902/go3/2nd_ch_hsj_TIS39M94.pdf
2026,3,9,kice_mock,second_language,classical-chinese-1,question,manual_review,verified_pending_import,confirmed,official_catalog_and_pdf,not_imported,,https://wdown.ebsi.co.kr/W61001/01exam/20260902/go3/2nd_han_mun_G5U3K3NB.pdf
2026,3,9,kice_mock,second_language,classical-chinese-1,solution,manual_review,verified_pending_import,confirmed,official_catalog_and_pdf,not_imported,,https://wdown.ebsi.co.kr/W61001/01exam/20260902/go3/2nd_han_hsj_ULIB8816.pdf
2026,3,9,kice_mock,second_language,french-1,question,manual_review,verified_pending_import,confirmed,official_catalog_and_pdf,not_imported,,https://wdown.ebsi.co.kr/W61001/01exam/20260902/go3/2nd_fr_mun_8RVI91Q5.pdf
2026,3,9,kice_mock,second_language,french-1,solution,manual_review,verified_pending_import,confirmed,official_catalog_and_pdf,not_imported,,https://wdown.ebsi.co.kr/W61001/01exam/20260902/go3/2nd_fr_hsj_D4A6FP9A.pdf
2026,3,9,kice_mock,second_language,german-1,question,manual_review,verified_pending_import,confirmed,official_catalog_and_pdf,not_imported,,https://wdown.ebsi.co.kr/W61001/01exam/20260902/go3/2nd_gr_mun_7T3W64P4.pdf
2026,3,9,kice_mock,second_language,german-1,solution,manual_review,verified_pending_import,confirmed,official_catalog_and_pdf,not_imported,,https://wdown.ebsi.co.kr/W61001/01exam/20260902/go3/2nd_gr_hsj_6VE6J2L8.pdf
2026,3,9,kice_mock,second_language,japanese-1,question,manual_review,verified_pending_import,confirmed,official_catalog_and_pdf,not_imported,,https://wdown.ebsi.co.kr/W61001/01exam/20260902/go3/2nd_ja_mun_68468492.pdf
2026,3,9,kice_mock,second_language,japanese-1,solution,manual_review,verified_pending_import,confirmed,official_catalog_and_pdf,not_imported,,https://wdown.ebsi.co.kr/W61001/01exam/20260902/go3/2nd_ja_hsj_SGCK9ZZT.pdf
2026,3,9,kice_mock,second_language,russian-1,question,manual_review,verified_pending_import,confirmed,official_catalog_and_pdf,not_imported,,https://wdown.ebsi.co.kr/W61001/01exam/20260902/go3/2nd_ru_mun_3E42O4PD.pdf
2026,3,9,kice_mock,second_language,russian-1,solution,manual_review,verified_pending_import,confirmed,official_catalog_and_pdf,not_imported,,https://wdown.ebsi.co.kr/W61001/01exam/20260902/go3/2nd_ru_hsj_A69C863Z.pdf
2026,3,9,kice_mock,second_language,spanish-1,question,manual_review,verified_pending_import,confirmed,official_catalog_and_pdf,not_imported,,https://wdown.ebsi.co.kr/W61001/01exam/20260902/go3/2nd_sp_mun_9PYPV8OA.pdf
2026,3,9,kice_mock,second_language,spanish-1,solution,manual_review,verified_pending_import,confirmed,official_catalog_and_pdf,not_imported,,https://wdown.ebsi.co.kr/W61001/01exam/20260902/go3/2nd_sp_hsj_862634SQ.pdf
2026,3,9,kice_mock,second_language,vietnamese-1,question,manual_review,verified_pending_import,confirmed,official_catalog_and_pdf,not_imported,,https://wdown.ebsi.co.kr/W61001/01exam/20260902/go3/2nd_vit_mun_ZE1987P1.pdf
2026,3,9,kice_mock,second_language,vietnamese-1,solution,manual_review,verified_pending_import,confirmed,official_catalog_and_pdf,not_imported,,https://wdown.ebsi.co.kr/W61001/01exam/20260902/go3/2nd_vit_hsj_1X345PTH.pdf
